[
  {
    "factor": "Brazil - AP Brazil Consultoria Empresarial",
    "factorRatings": "Weak -",
    "weight" : "81.50%",
    "weightedAverage": "8.97",
    "defaultGrade": "11",
    "ratingComments": "Collection service entities are wholly owned by Tikrel S.A., which is the majority shareholder of Astropay LLP (99.99% Holding)"
  },
  {
    "factor": "Columbia - Tikrel Colombia SAS - CSP",
    "factorRatings": "Moderate -",
    "weight" : "9%",
    "weightedAverage": "0.81",
    "defaultGrade": "7",
    "ratingComments": "nil"
  },
  {
    "factor": "Mexico - Tikrel Mexico SRL de CV",
    "factorRatings": "Moderate -",
    "weight" : "9.50%",
    "weightedAverage": "0.76",
    "defaultGrade": "8",
    "ratingComments": "nil"
  },
  {
    "factor": "Panama - Astropay Panama SA",
    "factorRatings": "Weak -",
    "weight" : "81.50%",
    "weightedAverage": "8.97",
    "defaultGrade": "12",
    "ratingComments": "Collection service entities are wholly owned by Tikrel S.A."
  },
  {
    "factor": "Argentina - AP Brazil Consultoria",
    "factorRatings": "Weak -",
    "weight" : "81.50%",
    "weightedAverage": "8.97",
    "defaultGrade": "10",
    "ratingComments": "Collection service entities are wholly owned by Tikrel S.A."
  },
  {
    "factor": "Brazil - AP Brazil",
    "factorRatings": "Moderate -",
    "weight" : "81.50%",
    "weightedAverage": "8.97",
    "defaultGrade": "6",
    "ratingComments": "Collection service entities are wholly owned by Tikrel S.A"
  },
  {
    "factor": "Zurich - ZC Brazil",
    "factorRatings": "Weak -",
    "weight" : "81.50%",
    "weightedAverage": "8.97",
    "defaultGrade": "10",
    "ratingComments": "nil"
  }
]
