{"records":[{"code":"AF","currencyName":"Afghan Afghani","name":"Afghanistan","id":501,"currencyId":482,"currencyCode":"AFN","states":[]},{"code":"AX","currencyName":"Euro","name":"Aland Islands","id":513,"currencyId":453,"currencyCode":"EUR","states":[]},{"code":"AL","currencyName":"Albanian Lek","name":"Albania","id":504,"currencyId":427,"currencyCode":"ALL","states":[]},{"code":"DZ","currencyName":"Algerian Dinar","name":"Algeria","id":602,"currencyId":410,"currencyCode":"DZD","states":[]},{"code":"AS","currencyName":"United States Dollar","name":"American Samoa","id":508,"currencyId":409,"currencyCode":"USD","states":[]},{"code":"AD","currencyName":"Euro","name":"Andorra","id":499,"currencyId":453,"currencyCode":"EUR","states":[]},{"code":"AO","currencyName":"Angolan Kwanza","name":"Angola","id":506,"currencyId":489,"currencyCode":"AOA","states":[]},{"code":"AI","currencyName":"East Caribbean Dollar","name":"Anguilla","id":503,"currencyId":471,"currencyCode":"XCD","states":[]},{"code":"AG","currencyName":"East Caribbean Dollar","name":"Antigua and Barbuda","id":502,"currencyId":471,"currencyCode":"XCD","states":[]},{"code":"AR","currencyName":"Argentine Peso","name":"Argentina","id":507,"currencyId":387,"currencyCode":"ARS","states":[]},{"code":"AM","currencyName":"Armenian Dram","name":"Armenia","id":505,"currencyId":443,"currencyCode":"AMD","states":[]},{"code":"AW","currencyName":"Aruban Florin","name":"Aruba","id":512,"currencyId":484,"currencyCode":"AWG","states":[]},{"code":"AU","currencyName":"Australian Dollar","name":"Australia","id":511,"currencyId":433,"currencyCode":"AUD","states":[]},{"code":"AT","currencyName":"Euro","name":"Austria","id":510,"currencyId":453,"currencyCode":"EUR","states":[]},{"code":"AZ","currencyName":"Azerbaijani Manat","name":"Azerbaijan","id":514,"currencyId":375,"currencyCode":"AZN","states":[]},{"code":"BS","currencyName":"Bahamian Dollar","name":"Bahamas","id":537,"currencyId":356,"currencyCode":"BSD","states":[]},{"code":"BH","currencyName":"Bahraini Dinar","name":"Bahrain","id":525,"currencyId":474,"currencyCode":"BHD","states":[]},{"code":"BD","currencyName":"Bangladeshi Taka","name":"Bangladesh","id":519,"currencyId":397,"currencyCode":"BDT","states":[]},{"code":"BB","currencyName":"Barbadian Dollar","name":"Barbados","id":517,"currencyId":347,"currencyCode":"BBD","states":[]},{"code":"BE","currencyName":"Euro","name":"Belgium","id":520,"currencyId":453,"currencyCode":"EUR","states":[]},{"code":"BZ","currencyName":"Belize Dollar","name":"Belize","id":547,"currencyId":499,"currencyCode":"BZD","states":[]},{"code":"BJ","currencyName":"CFA Franc BCEAO","name":"Benin","id":527,"currencyId":368,"currencyCode":"XOF","states":[]},{"code":"BM","currencyName":"Bermudan Dollar","name":"Bermuda","id":529,"currencyId":399,"currencyCode":"BMD","states":[]},{"code":"BT","currencyName":"Bhutanese Ngultrum","name":"Bhutan","id":539,"currencyId":381,"currencyCode":"BTN","states":[]},{"code":"BO","currencyName":"Bolivian Boliviano","name":"Bolivia","id":531,"currencyId":438,"currencyCode":"BOB","states":[]},{"code":"BQ","currencyName":"United States Dollar","name":"Bonaire, Saint Eustatius and Saba ","id":533,"currencyId":409,"currencyCode":"USD","states":[]},{"code":"BA","currencyName":"Bosnia-Herzegovina Convertible Mark","name":"Bosnia and Herzegovina","id":516,"currencyId":500,"currencyCode":"BAM","states":[]},{"code":"BW","currencyName":"Botswanan Pula","name":"Botswana","id":543,"currencyId":444,"currencyCode":"BWP","states":[]},{"code":"BV","currencyName":"Norwegian Krone","name":"Bouvet Island","id":541,"currencyId":460,"currencyCode":"NOK","states":[]},{"code":"BR","currencyName":"Brazilian Real","name":"Brazil","id":535,"currencyId":511,"currencyCode":"BRL","states":[]},{"code":"IO","currencyName":"United States Dollar","name":"British Indian Ocean Territory","id":662,"currencyId":409,"currencyCode":"USD","states":[]},{"code":"VG","currencyName":"United States Dollar","name":"British Virgin Islands","id":617,"currencyId":409,"currencyCode":"USD","states":[]},{"code":"BN","currencyName":"Brunei Dollar","name":"Brunei","id":530,"currencyId":421,"currencyCode":"BND","states":[]},{"code":"BG","currencyName":"Bulgarian Lev","name":"Bulgaria","id":523,"currencyId":457,"currencyCode":"BGN","states":[]},{"code":"BF","currencyName":"CFA Franc BCEAO","name":"Burkina Faso","id":522,"currencyId":368,"currencyCode":"XOF","states":[]},{"code":"BI","currencyName":"Burundian Franc","name":"Burundi","id":526,"currencyId":495,"currencyCode":"BIF","states":[]},{"code":"KH","currencyName":"Cambodian Riel","name":"Cambodia","id":675,"currencyId":439,"currencyCode":"KHR","states":[]},{"code":"CM","currencyName":"CFA Franc BEAC","name":"Cameroon","id":569,"currencyId":422,"currencyCode":"XAF","states":[]},{"code":"CA","currencyName":"Canadian Dollar","name":"Canada","id":553,"currencyId":456,"currencyCode":"CAD","states":[]},{"code":"CV","currencyName":"Cape Verdean Escudo","name":"Cape Verde","id":577,"currencyId":373,"currencyCode":"CVE","states":[]},{"code":"KY","currencyName":"Cayman Islands Dollar","name":"Cayman Islands","id":682,"currencyId":442,"currencyCode":"KYD","states":[]},{"code":"CF","currencyName":"CFA Franc BEAC","name":"Central African Republic","id":560,"currencyId":422,"currencyCode":"XAF","states":[]},{"code":"TD","currencyName":"CFA Franc BEAC","name":"Chad","id":574,"currencyId":422,"currencyCode":"XAF","states":[]},{"code":"CL","currencyName":"Chilean Peso","name":"Chile","id":568,"currencyId":349,"currencyCode":"CLP","states":[]},{"code":"CN","currencyName":"Chinese Yuan","name":"China","id":570,"currencyId":392,"currencyCode":"CNY","states":[]},{"code":"CX","currencyName":"Australian Dollar","name":"Christmas Island","id":581,"currencyId":433,"currencyCode":"AUD","states":[]},{"code":"CC","currencyName":"Australian Dollar","name":"Cocos Islands","id":555,"currencyId":433,"currencyCode":"AUD","states":[]},{"code":"CO","currencyName":"Colombian Peso","name":"Colombia","id":571,"currencyId":407,"currencyCode":"COP","states":[]},{"code":"KM","currencyName":"Comorian Franc","name":"Comoros","id":677,"currencyId":365,"currencyCode":"KMF","states":[]},{"code":"CK","currencyName":"New Zealand Dollar","name":"Cook Islands","id":567,"currencyId":507,"currencyCode":"NZD","states":[]},{"code":"CR","currencyName":"Costa Rican Colón","name":"Costa Rica","id":572,"currencyId":468,"currencyCode":"CRC","states":[]},{"code":"HR","currencyName":"Croatian Kuna","name":"Croatia","id":652,"currencyId":426,"currencyCode":"HRK","states":[]},{"code":"CU","currencyName":"Cuban Peso","name":"Cuba","id":575,"currencyId":360,"currencyCode":"CUP","states":[]},{"code":"CW","currencyName":"Netherlands Antillean Guilder","name":"Curacao","id":579,"currencyId":472,"currencyCode":"ANG","states":[]},{"code":"CY","currencyName":"Euro","name":"Cyprus","id":583,"currencyId":453,"currencyCode":"EUR","states":[]},{"code":"CZ","currencyName":"Czech Republic Koruna","name":"Czech Republic","id":585,"currencyId":469,"currencyCode":"CZK","states":[]},{"code":"CD","currencyName":"Congolese Franc","name":"Democratic Republic of the Congo","id":557,"currencyId":346,"currencyCode":"CDF","states":[]},{"code":"DK","currencyName":"Danish Krone","name":"Denmark","id":597,"currencyId":455,"currencyCode":"DKK","states":[]},{"code":"DJ","currencyName":"Djiboutian Franc","name":"Djibouti","id":596,"currencyId":428,"currencyCode":"DJF","states":[]},{"code":"DM","currencyName":"East Caribbean Dollar","name":"Dominica","id":598,"currencyId":471,"currencyCode":"XCD","states":[]},{"code":"DO","currencyName":"Dominican Peso","name":"Dominican Republic","id":599,"currencyId":364,"currencyCode":"DOP","states":[]},{"code":"TL","currencyName":"United States Dollar","name":"East Timor","id":586,"currencyId":409,"currencyCode":"USD","states":[]},{"code":"EC","currencyName":"United States Dollar","name":"Ecuador","id":604,"currencyId":409,"currencyCode":"USD","states":[]},{"code":"EG","currencyName":"Egyptian Pound","name":"Egypt","id":607,"currencyId":501,"currencyCode":"EGP","states":[]},{"code":"SV","currencyName":"United States Dollar","name":"El Salvador","id":559,"currencyId":409,"currencyCode":"USD","states":[]},{"code":"GQ","currencyName":"CFA Franc BEAC","name":"Equatorial Guinea","id":641,"currencyId":422,"currencyCode":"XAF","states":[]},{"code":"ER","currencyName":"Eritrean Nakfa","name":"Eritrea","id":612,"currencyId":384,"currencyCode":"ERN","states":[]},{"code":"EE","currencyName":"Euro","name":"Estonia","id":606,"currencyId":453,"currencyCode":"EUR","states":[]},{"code":"ET","currencyName":"Ethiopian Birr","name":"Ethiopia","id":616,"currencyId":414,"currencyCode":"ETB","states":[]},{"code":"FK","currencyName":"Falkland Islands Pound","name":"Falkland Islands","id":623,"currencyId":367,"currencyCode":"FKP","states":[]},{"code":"FO","currencyName":"Danish Krone","name":"Faroe Islands","id":625,"currencyId":455,"currencyCode":"DKK","states":[]},{"code":"FJ","currencyName":"Fijian Dollar","name":"Fiji","id":622,"currencyId":342,"currencyCode":"FJD","states":[]},{"code":"FI","currencyName":"Euro","name":"Finland","id":621,"currencyId":453,"currencyCode":"EUR","states":[]},{"code":"FR","currencyName":"Euro","name":"France","id":626,"currencyId":453,"currencyCode":"EUR","states":[]},{"code":"GF","currencyName":"Euro","name":"French Guiana","id":633,"currencyId":453,"currencyCode":"EUR","states":[]},{"code":"PF","currencyName":"CFP Franc","name":"French Polynesia","id":732,"currencyId":395,"currencyCode":"XPF","states":[]},{"code":"TF","currencyName":"Euro","name":"French Southern Territories","id":576,"currencyId":453,"currencyCode":"EUR","states":[]},{"code":"GA","currencyName":"CFA Franc BEAC","name":"Gabon","id":628,"currencyId":422,"currencyCode":"XAF","states":[]},{"code":"GM","currencyName":"Gambian Dalasi","name":"Gambia","id":638,"currencyId":361,"currencyCode":"GMD","states":[]},{"code":"GE","currencyName":"Georgian Lari","name":"Georgia","id":632,"currencyId":369,"currencyCode":"GEL","states":[]},{"code":"DE","currencyName":"Euro","name":"Germany","id":592,"currencyId":453,"currencyCode":"EUR","states":[]},{"code":"GH","currencyName":"Ghanaian Cedi","name":"Ghana","id":635,"currencyId":435,"currencyCode":"GHS","states":[]},{"code":"GI","currencyName":"Gibraltar Pound","name":"Gibraltar","id":636,"currencyId":464,"currencyCode":"GIP","states":[]},{"code":"GR","currencyName":"Euro","name":"Greece","id":642,"currencyId":453,"currencyCode":"EUR","states":[]},{"code":"GL","currencyName":"Danish Krone","name":"Greenland","id":637,"currencyId":455,"currencyCode":"DKK","states":[]},{"code":"GD","currencyName":"East Caribbean Dollar","name":"Grenada","id":631,"currencyId":471,"currencyCode":"XCD","states":[]},{"code":"GP","currencyName":"Euro","name":"Guadeloupe","id":640,"currencyId":453,"currencyCode":"EUR","states":[]},{"code":"GU","currencyName":"United States Dollar","name":"Guam","id":645,"currencyId":409,"currencyCode":"USD","states":[]},{"code":"GT","currencyName":"Guatemalan Quetzal","name":"Guatemala","id":644,"currencyId":348,"currencyCode":"GTQ","states":[]},{"code":"GG","currencyName":"British Pound Sterling","name":"Guernsey","id":634,"currencyId":491,"currencyCode":"GBP","states":[]},{"code":"GN","currencyName":"Guinean Franc","name":"Guinea","id":639,"currencyId":383,"currencyCode":"GNF","states":[]},{"code":"GW","currencyName":"CFA Franc BCEAO","name":"Guinea-Bissau","id":646,"currencyId":368,"currencyCode":"XOF","states":[]},{"code":"GY","currencyName":"Guyanaese Dollar","name":"Guyana","id":647,"currencyId":436,"currencyCode":"GYD","states":[]},{"code":"HT","currencyName":"Haitian Gourde","name":"Haiti","id":653,"currencyId":473,"currencyCode":"HTG","states":[]},{"code":"HM","currencyName":"Australian Dollar","name":"Heard Island and McDonald Islands","id":650,"currencyId":433,"currencyCode":"AUD","states":[]},{"code":"HN","currencyName":"Honduran Lempira","name":"Honduras","id":651,"currencyId":350,"currencyCode":"HNL","states":[]},{"code":"HK","currencyName":"Hong Kong Dollar","name":"Hong Kong","id":649,"currencyId":451,"currencyCode":"HKD","states":[]},{"code":"HU","currencyName":"Hungarian Forint","name":"Hungary","id":655,"currencyId":494,"currencyCode":"HUF","states":[]},{"code":"IS","currencyName":"Icelandic Króna","name":"Iceland","id":666,"currencyId":405,"currencyCode":"ISK","states":[]},{"code":"IN","currencyName":"Indian Rupee","name":"India","id":661,"currencyId":483,"currencyCode":"INR","states":[]},{"code":"ID","currencyName":"Indonesian Rupiah","name":"Indonesia","id":657,"currencyId":441,"currencyCode":"IDR","states":[]},{"code":"IR","currencyName":"Iranian Rial","name":"Iran","id":665,"currencyId":389,"currencyCode":"IRR","states":[]},{"code":"IQ","currencyName":"Iraqi Dinar","name":"Iraq","id":664,"currencyId":359,"currencyCode":"IQD","states":[]},{"code":"IE","currencyName":"Euro","name":"Ireland","id":658,"currencyId":453,"currencyCode":"EUR","states":[]},{"code":"IM","currencyName":"British Pound Sterling","name":"Isle of Man","id":660,"currencyId":491,"currencyCode":"GBP","states":[]},{"code":"IL","currencyName":"Israeli New Sheqel","name":"Israel","id":659,"currencyId":434,"currencyCode":"ILS","states":[]},{"code":"IT","currencyName":"Euro","name":"Italy","id":667,"currencyId":453,"currencyCode":"EUR","states":[]},{"code":"CI","currencyName":"CFA Franc BCEAO","name":"Ivory Coast","id":564,"currencyId":368,"currencyCode":"XOF","states":[]},{"code":"JM","currencyName":"Jamaican Dollar","name":"Jamaica","id":670,"currencyId":406,"currencyCode":"JMD","states":[]},{"code":"JP","currencyName":"Japanese Yen","name":"Japan","id":672,"currencyId":487,"currencyCode":"JPY","states":[]},{"code":"JE","currencyName":"British Pound Sterling","name":"Jersey","id":668,"currencyId":491,"currencyCode":"GBP","states":[]},{"code":"JO","currencyName":"Jordanian Dinar","name":"Jordan","id":671,"currencyId":449,"currencyCode":"JOD","states":[]},{"code":"KZ","currencyName":"Kazakhstani Tenge","name":"Kazakhstan","id":683,"currencyId":475,"currencyCode":"KZT","states":[]},{"code":"KE","currencyName":"Kenyan Shilling","name":"Kenya","id":673,"currencyId":378,"currencyCode":"KES","states":[]},{"code":"KI","currencyName":"Australian Dollar","name":"Kiribati","id":676,"currencyId":433,"currencyCode":"AUD","states":[]},{"code":"XK","currencyName":"Euro","name":"Kosovo","id":648,"currencyId":453,"currencyCode":"EUR","states":[]},{"code":"KW","currencyName":"Kuwaiti Dinar","name":"Kuwait","id":681,"currencyId":400,"currencyCode":"KWD","states":[]},{"code":"KG","currencyName":"Kyrgystani Som","name":"Kyrgyzstan","id":674,"currencyId":416,"currencyCode":"KGS","states":[]},{"code":"LA","currencyName":"Laotian Kip","name":"Laos","id":684,"currencyId":420,"currencyCode":"LAK","states":[]},{"code":"LV","currencyName":"Euro","name":"Latvia","id":692,"currencyId":453,"currencyCode":"EUR","states":[]},{"code":"LB","currencyName":"Lebanese Pound","name":"Lebanon","id":685,"currencyId":447,"currencyCode":"LBP","states":[]},{"code":"LS","currencyName":"Lesotho Loti","name":"Lesotho","id":690,"currencyId":454,"currencyCode":"LSL","states":[]},{"code":"LR","currencyName":"Liberian Dollar","name":"Liberia","id":689,"currencyId":423,"currencyCode":"LRD","states":[]},{"code":"LY","currencyName":"Libyan Dinar","name":"Libya","id":693,"currencyId":398,"currencyCode":"LYD","states":[]},{"code":"LI","currencyName":"Swiss Franc","name":"Liechtenstein","id":687,"currencyId":425,"currencyCode":"CHF","states":[]},{"code":"LU","currencyName":"Euro","name":"Luxembourg","id":691,"currencyId":453,"currencyCode":"EUR","states":[]},{"code":"MO","currencyName":"Macanese Pataca","name":"Macao","id":705,"currencyId":502,"currencyCode":"MOP","states":[]},{"code":"MK","currencyName":"Macedonian Denar","name":"Macedonia","id":701,"currencyId":408,"currencyCode":"MKD","states":[]},{"code":"MG","currencyName":"Malagasy Ariary","name":"Madagascar","id":699,"currencyId":497,"currencyCode":"MGA","states":[]},{"code":"MW","currencyName":"Malawian Kwacha","name":"Malawi","id":713,"currencyId":496,"currencyCode":"MWK","states":[]},{"code":"MY","currencyName":"Malaysian Ringgit","name":"Malaysia","id":715,"currencyId":366,"currencyCode":"MYR","states":[]},{"code":"MV","currencyName":"Maldivian Rufiyaa","name":"Maldives","id":712,"currencyId":481,"currencyCode":"MVR","states":[]},{"code":"ML","currencyName":"CFA Franc BCEAO","name":"Mali","id":702,"currencyId":368,"currencyCode":"XOF","states":[]},{"code":"MT","currencyName":"Euro","name":"Malta","id":710,"currencyId":453,"currencyCode":"EUR","states":[]},{"code":"MH","currencyName":"United States Dollar","name":"Marshall Islands","id":700,"currencyId":409,"currencyCode":"USD","states":[]},{"code":"MQ","currencyName":"Euro","name":"Martinique","id":707,"currencyId":453,"currencyCode":"EUR","states":[]},{"code":"MR","currencyName":"Mauritanian Ouguiya (pre-2018)","name":"Mauritania","id":708,"currencyId":390,"currencyCode":"MRO","states":[]},{"code":"MU","currencyName":"Mauritian Rupee","name":"Mauritius","id":711,"currencyId":459,"currencyCode":"MUR","states":[]},{"code":"YT","currencyName":"Euro","name":"Mayotte","id":656,"currencyId":453,"currencyCode":"EUR","states":[]},{"code":"MX","currencyName":"Mexican Peso","name":"Mexico","id":714,"currencyId":343,"currencyCode":"MXN","states":[]},{"code":"FM","currencyName":"United States Dollar","name":"Micronesia","id":624,"currencyId":409,"currencyCode":"USD","states":[]},{"code":"MD","currencyName":"Moldovan Leu","name":"Moldova","id":696,"currencyId":440,"currencyCode":"MDL","states":[]},{"code":"MC","currencyName":"Euro","name":"Monaco","id":695,"currencyId":453,"currencyCode":"EUR","states":[]},{"code":"MN","currencyName":"Mongolian Tugrik","name":"Mongolia","id":704,"currencyId":488,"currencyCode":"MNT","states":[]},{"code":"ME","currencyName":"Euro","name":"Montenegro","id":697,"currencyId":453,"currencyCode":"EUR","states":[]},{"code":"MS","currencyName":"East Caribbean Dollar","name":"Montserrat","id":709,"currencyId":471,"currencyCode":"XCD","states":[]},{"code":"MA","currencyName":"Moroccan Dirham","name":"Morocco","id":694,"currencyId":372,"currencyCode":"MAD","states":[]},{"code":"MZ","currencyName":"Mozambican Metical","name":"Mozambique","id":716,"currencyId":385,"currencyCode":"MZN","states":[]},{"code":"MM","currencyName":"Myanma Kyat","name":"Myanmar","id":703,"currencyId":458,"currencyCode":"MMK","states":[]},{"code":"NA","currencyName":"Namibian Dollar","name":"Namibia","id":717,"currencyId":503,"currencyCode":"NAD","states":[]},{"code":"NR","currencyName":"Australian Dollar","name":"Nauru","id":726,"currencyId":433,"currencyCode":"AUD","states":[]},{"code":"NP","currencyName":"Nepalese Rupee","name":"Nepal","id":725,"currencyId":486,"currencyCode":"NPR","states":[]},{"code":"NL","currencyName":"Euro","name":"Netherlands","id":723,"currencyId":453,"currencyCode":"EUR","states":[]},{"code":"NC","currencyName":"CFP Franc","name":"New Caledonia","id":718,"currencyId":395,"currencyCode":"XPF","states":[]},{"code":"NZ","currencyName":"New Zealand Dollar","name":"New Zealand","id":728,"currencyId":507,"currencyCode":"NZD","states":[]},{"code":"NI","currencyName":"Nicaraguan Córdoba","name":"Nicaragua","id":722,"currencyId":505,"currencyCode":"NIO","states":[]},{"code":"NE","currencyName":"CFA Franc BCEAO","name":"Niger","id":719,"currencyId":368,"currencyCode":"XOF","states":[]},{"code":"NG","currencyName":"Nigerian Naira","name":"Nigeria","id":721,"currencyId":467,"currencyCode":"NGN","states":[]},{"code":"NU","currencyName":"New Zealand Dollar","name":"Niue","id":727,"currencyId":507,"currencyCode":"NZD","states":[]},{"code":"NF","currencyName":"Australian Dollar","name":"Norfolk Island","id":720,"currencyId":433,"currencyCode":"AUD","states":[]},{"code":"MP","currencyName":"United States Dollar","name":"Northern Mariana Islands","id":706,"currencyId":409,"currencyCode":"USD","states":[]},{"code":"KP","currencyName":"North Korean Won","name":"North Korea","id":679,"currencyId":437,"currencyCode":"KPW","states":[]},{"code":"NO","currencyName":"Norwegian Krone","name":"Norway","id":724,"currencyId":460,"currencyCode":"NOK","states":[]},{"code":"OM","currencyName":"Omani Rial","name":"Oman","id":729,"currencyId":376,"currencyCode":"OMR","states":[]},{"code":"PK","currencyName":"Pakistani Rupee","name":"Pakistan","id":735,"currencyId":470,"currencyCode":"PKR","states":[]},{"code":"PW","currencyName":"United States Dollar","name":"Palau","id":496,"currencyId":409,"currencyCode":"USD","states":[]},{"code":"PS","currencyName":"Israeli New Sheqel","name":"Palestinian Territory","id":494,"currencyId":434,"currencyCode":"ILS","states":[]},{"code":"PA","currencyName":"Panamanian Balboa","name":"Panama","id":730,"currencyId":411,"currencyCode":"PAB","states":[]},{"code":"PG","currencyName":"Papua New Guinean Kina","name":"Papua New Guinea","id":733,"currencyId":377,"currencyCode":"PGK","states":[]},{"code":"PY","currencyName":"Paraguayan Guarani","name":"Paraguay","id":497,"currencyId":404,"currencyCode":"PYG","states":[]},{"code":"PE","currencyName":"Peruvian Nuevo Sol","name":"Peru","id":731,"currencyId":506,"currencyCode":"PEN","states":[]},{"code":"PH","currencyName":"Philippine Peso","name":"Philippines","id":734,"currencyId":401,"currencyCode":"PHP","states":[]},{"code":"PN","currencyName":"New Zealand Dollar","name":"Pitcairn","id":738,"currencyId":507,"currencyCode":"NZD","states":[]},{"code":"PL","currencyName":"Polish Zloty","name":"Poland","id":736,"currencyId":490,"currencyCode":"PLN","states":[]},{"code":"PT","currencyName":"Euro","name":"Portugal","id":495,"currencyId":453,"currencyCode":"EUR","states":[]},{"code":"PR","currencyName":"United States Dollar","name":"Puerto Rico","id":493,"currencyId":409,"currencyCode":"USD","states":[]},{"code":"QA","currencyName":"Qatari Rial","name":"Qatar","id":498,"currencyId":388,"currencyCode":"QAR","states":[]},{"code":"CG","currencyName":"CFA Franc BEAC","name":"Republic of the Congo","id":561,"currencyId":422,"currencyCode":"XAF","states":[]},{"code":"RE","currencyName":"Euro","name":"Reunion","id":509,"currencyId":453,"currencyCode":"EUR","states":[]},{"code":"RO","currencyName":"Romanian Leu","name":"Romania","id":515,"currencyId":465,"currencyCode":"RON","states":[]},{"code":"RU","currencyName":"Russian Ruble","name":"Russia","id":521,"currencyId":403,"currencyCode":"RUB","states":[]},{"code":"RW","currencyName":"Rwandan Franc","name":"Rwanda","id":524,"currencyId":452,"currencyCode":"RWF","states":[]},{"code":"BL","currencyName":"Euro","name":"Saint Barthelemy","id":528,"currencyId":453,"currencyCode":"EUR","states":[]},{"code":"SH","currencyName":"Saint Helena Pound","name":"Saint Helena","id":544,"currencyId":445,"currencyCode":"SHP","states":[]},{"code":"KN","currencyName":"East Caribbean Dollar","name":"Saint Kitts and Nevis","id":678,"currencyId":471,"currencyCode":"XCD","states":[]},{"code":"LC","currencyName":"East Caribbean Dollar","name":"Saint Lucia","id":686,"currencyId":471,"currencyCode":"XCD","states":[]},{"code":"MF","currencyName":"Euro","name":"Saint Martin","id":698,"currencyId":453,"currencyCode":"EUR","states":[]},{"code":"PM","currencyName":"Euro","name":"Saint Pierre and Miquelon","id":737,"currencyId":453,"currencyCode":"EUR","states":[]},{"code":"VC","currencyName":"East Caribbean Dollar","name":"Saint Vincent and the Grenadines","id":613,"currencyId":471,"currencyCode":"XCD","states":[]},{"code":"WS","currencyName":"Samoan Tala","name":"Samoa","id":630,"currencyId":508,"currencyCode":"WST","states":[]},{"code":"SM","currencyName":"Euro","name":"San Marino","id":550,"currencyId":453,"currencyCode":"EUR","states":[]},{"code":"ST","currencyName":"São Tomé and Príncipe Dobra (pre-2018)","name":"Sao Tome and Principe","id":558,"currencyId":344,"currencyCode":"STD","states":[]},{"code":"SA","currencyName":"Saudi Riyal","name":"Saudi Arabia","id":532,"currencyId":478,"currencyCode":"SAR","states":[]},{"code":"SN","currencyName":"CFA Franc BCEAO","name":"Senegal","id":551,"currencyId":368,"currencyCode":"XOF","states":[]},{"code":"RS","currencyName":"Serbian Dinar","name":"Serbia","id":518,"currencyId":363,"currencyCode":"RSD","states":[]},{"code":"SC","currencyName":"Seychellois Rupee","name":"Seychelles","id":536,"currencyId":345,"currencyCode":"SCR","states":[]},{"code":"SL","currencyName":"Sierra Leonean Leone","name":"Sierra Leone","id":549,"currencyId":357,"currencyCode":"SLL","states":[]},{"code":"SG","currencyName":"Singapore Dollar","name":"Singapore","id":542,"currencyId":413,"currencyCode":"SGD","states":[]},{"code":"SX","currencyName":"Netherlands Antillean Guilder","name":"Sint Maarten","id":563,"currencyId":472,"currencyCode":"ANG","states":[]},{"code":"SK","currencyName":"Euro","name":"Slovakia","id":548,"currencyId":453,"currencyCode":"EUR","states":[]},{"code":"SI","currencyName":"Euro","name":"Slovenia","id":545,"currencyId":453,"currencyCode":"EUR","states":[]},{"code":"SB","currencyName":"Solomon Islands Dollar","name":"Solomon Islands","id":534,"currencyId":492,"currencyCode":"SBD","states":[]},{"code":"SO","currencyName":"Somali Shilling","name":"Somalia","id":552,"currencyId":417,"currencyCode":"SOS","states":[]},{"code":"ZA","currencyName":"South African Rand","name":"South Africa","id":663,"currencyId":352,"currencyCode":"ZAR","states":[]},{"code":"GS","currencyName":"British Pound Sterling","name":"South Georgia and the South Sandwich Islands","id":643,"currencyId":491,"currencyCode":"GBP","states":[]},{"code":"KR","currencyName":"South Korean Won","name":"South Korea","id":680,"currencyId":485,"currencyCode":"KRW","states":[]},{"code":"SS","currencyName":"South Sudanese Pound","name":"South Sudan","id":556,"currencyId":504,"currencyCode":"SSP","states":[]},{"code":"ES","currencyName":"Euro","name":"Spain","id":614,"currencyId":453,"currencyCode":"EUR","states":[]},{"code":"LK","currencyName":"Sri Lankan Rupee","name":"Sri Lanka","id":688,"currencyId":466,"currencyCode":"LKR","states":[]},{"code":"SD","currencyName":"Sudanese Pound","name":"Sudan","id":538,"currencyId":358,"currencyCode":"SDG","states":[]},{"code":"SR","currencyName":"Surinamese Dollar","name":"Suriname","id":554,"currencyId":476,"currencyCode":"SRD","states":[]},{"code":"SJ","currencyName":"Norwegian Krone","name":"Svalbard and Jan Mayen","id":546,"currencyId":460,"currencyCode":"NOK","states":[]},{"code":"SZ","currencyName":"Swazi Lilangeni","name":"Swaziland","id":566,"currencyId":477,"currencyCode":"SZL","states":[]},{"code":"SE","currencyName":"Swedish Krona","name":"Sweden","id":540,"currencyId":379,"currencyCode":"SEK","states":[]},{"code":"CH","currencyName":"Swiss Franc","name":"Switzerland","id":562,"currencyId":425,"currencyCode":"CHF","states":[]},{"code":"SY","currencyName":"Syrian Pound","name":"Syria","id":565,"currencyId":461,"currencyCode":"SYP","states":[]},{"code":"TW","currencyName":"New Taiwan Dollar","name":"Taiwan","id":594,"currencyId":362,"currencyCode":"TWD","states":[]},{"code":"TJ","currencyName":"Tajikistani Somoni","name":"Tajikistan","id":582,"currencyId":448,"currencyCode":"TJS","states":[]},{"code":"TZ","currencyName":"Tanzanian Shilling","name":"Tanzania","id":595,"currencyId":430,"currencyCode":"TZS","states":[]},{"code":"TH","currencyName":"Thai Baht","name":"Thailand","id":580,"currencyId":393,"currencyCode":"THB","states":[]},{"code":"TG","currencyName":"CFA Franc BCEAO","name":"Togo","id":578,"currencyId":368,"currencyCode":"XOF","states":[]},{"code":"TK","currencyName":"New Zealand Dollar","name":"Tokelau","id":584,"currencyId":507,"currencyCode":"NZD","states":[]},{"code":"TO","currencyName":"Tongan Pa'anga","name":"Tonga","id":589,"currencyId":374,"currencyCode":"TOP","states":[]},{"code":"TT","currencyName":"Trinidad and Tobago Dollar","name":"Trinidad and Tobago","id":591,"currencyId":479,"currencyCode":"TTD","states":[]},{"code":"TN","currencyName":"Tunisian Dinar","name":"Tunisia","id":588,"currencyId":353,"currencyCode":"TND","states":[]},{"code":"TR","currencyName":"Turkish Lira","name":"Turkey","id":590,"currencyId":446,"currencyCode":"TRY","states":[]},{"code":"TM","currencyName":"Turkmenistani Manat","name":"Turkmenistan","id":587,"currencyId":509,"currencyCode":"TMT","states":[]},{"code":"TC","currencyName":"United States Dollar","name":"Turks and Caicos Islands","id":573,"currencyId":409,"currencyCode":"USD","states":[]},{"code":"TV","currencyName":"Australian Dollar","name":"Tuvalu","id":593,"currencyId":433,"currencyCode":"AUD","states":[]},{"code":"UG","currencyName":"Ugandan Shilling","name":"Uganda","id":601,"currencyId":351,"currencyCode":"UGX","states":[]},{"code":"UA","currencyName":"Ukrainian Hryvnia","name":"Ukraine","id":600,"currencyId":382,"currencyCode":"UAH","states":[]},{"code":"AE","currencyName":"United Arab Emirates Dirham","name":"United Arab Emirates","id":500,"currencyId":450,"currencyCode":"AED","states":[]},{"code":"GB","currencyName":"British Pound Sterling","name":"United Kingdom","id":629,"currencyId":491,"currencyCode":"GBP","states":[]},{"code":"US","currencyName":"United States Dollar","name":"United States","id":605,"currencyId":409,"currencyCode":"USD","states":[{"code":"AL","name":"Alabama","id":37},{"code":"AK","name":"Alaska","id":38},{"code":"AS","name":"American Samoa","id":87},{"code":"AZ","name":"Arizona","id":39},{"code":"AR","name":"Arkansas","id":40},{"code":"CA","name":"California","id":41},{"code":"CO","name":"Colorado","id":42},{"code":"CT","name":"Connecticut","id":43},{"code":"DE","name":"Delaware","id":44},{"code":"FL","name":"Florida","id":45},{"code":"GA","name":"Georgia","id":46},{"code":"GU","name":"Guam","id":88},{"code":"HI","name":"Hawaii","id":47},{"code":"ID","name":"Idaho","id":48},{"code":"IL","name":"Illinois","id":49},{"code":"IN","name":"Indiana","id":50},{"code":"IA","name":"Iowa","id":51},{"code":"KS","name":"Kansas","id":52},{"code":"KY","name":"Kentucky","id":53},{"code":"LA","name":"Louisiana","id":54},{"code":"ME","name":"Maine","id":55},{"code":"MD","name":"Maryland","id":56},{"code":"MA","name":"Massachusetts","id":57},{"code":"MI","name":"Michigan","id":58},{"code":"MN","name":"Minnesota","id":68},{"code":"MS","name":"Mississippi","id":69},{"code":"MO","name":"Missouri","id":70},{"code":"MT","name":"Montana","id":71},{"code":"NE","name":"Nebraska","id":72},{"code":"NV","name":"Nevada","id":73},{"code":"NH","name":"New Hampshire","id":74},{"code":"NJ","name":"New Jersey","id":75},{"code":"NM","name":"New Mexico","id":76},{"code":"NY","name":"New York","id":77},{"code":"NC","name":"North Carolina","id":78},{"code":"ND","name":"North Dakota","id":79},{"code":"MP","name":"Northern Mariana Islands","id":89},{"code":"OH","name":"Ohio","id":80},{"code":"OK","name":"Oklahoma","id":59},{"code":"OR","name":"Oregon","id":60},{"code":"PA","name":"Pennsylvania","id":61},{"code":"PR","name":"Puerto Rico","id":90},{"code":"RI","name":"Rhode Island","id":62},{"code":"SC","name":"South Carolina","id":63},{"code":"SD","name":"South Dakota","id":64},{"code":"TN","name":"Tennessee","id":65},{"code":"TX","name":"Texas","id":66},{"code":"VI","name":"U.S. Virgin Islands","id":91},{"code":"UT","name":"Utah","id":67},{"code":"VT","name":"Vermont","id":81},{"code":"VA","name":"Virginia","id":82},{"code":"WA","name":"Washington","id":83},{"code":"WV","name":"West Virginia","id":84},{"code":"WI","name":"Wisconsin","id":85},{"code":"WY","name":"Wyoming","id":86}]},{"code":"UM","currencyName":"United States Dollar","name":"United States Minor Outlying Islands","id":603,"currencyId":409,"currencyCode":"USD","states":[]},{"code":"UY","currencyName":"Uruguayan Peso","name":"Uruguay","id":609,"currencyId":371,"currencyCode":"UYU","states":[]},{"code":"VI","currencyName":"United States Dollar","name":"U.S. Virgin Islands","id":618,"currencyId":409,"currencyCode":"USD","states":[]},{"code":"UZ","currencyName":"Uzbekistan Som","name":"Uzbekistan","id":610,"currencyId":394,"currencyCode":"UZS","states":[]},{"code":"VU","currencyName":"Vanuatu Vatu","name":"Vanuatu","id":620,"currencyId":419,"currencyCode":"VUV","states":[]},{"code":"VA","currencyName":"Euro","name":"Vatican","id":611,"currencyId":453,"currencyCode":"EUR","states":[]},{"code":"VE","currencyName":"Venezuelan Bolívar Fuerte","name":"Venezuela","id":615,"currencyId":418,"currencyCode":"VEF","states":[]},{"code":"VN","currencyName":"Vietnamese Dong","name":"Vietnam","id":619,"currencyId":431,"currencyCode":"VND","states":[]},{"code":"WF","currencyName":"CFP Franc","name":"Wallis and Futuna","id":627,"currencyId":395,"currencyCode":"XPF","states":[]},{"code":"EH","currencyName":"Moroccan Dirham","name":"Western Sahara","id":608,"currencyId":372,"currencyCode":"MAD","states":[]},{"code":"YE","currencyName":"Yemeni Rial","name":"Yemen","id":654,"currencyId":480,"currencyCode":"YER","states":[]},{"code":"ZW","currencyName":"Zimbabwean Dollar","name":"Zimbabwe","id":669,"currencyId":463,"currencyCode":"ZWL","states":[]}]}