{
	"records": [{
		"group_id": "152",
		"group_name": "AstroPay LLP",
		"cp_name": "Astropay China",
		"cp_cl": "300000.0",
		"group_cl": "4000000.0",
		"collateral": "4000.0",
		"credit_usage": "256456.0",
		"bal_collateral": "47544.0",
		"watchlist": "No",
		"credit_analyst": "Linda North",
		"supervisor": "Lisa Warner",
		"dg": "11",
		"rc_rating": "BB",
		"last_review_date": "Oct 01 2017",
		"cpty_id": "1056"
	}, {
		"group_id": "152",
		"group_name": "AstroPay LLP",
		"cp_name": "Astropay Mexico",
		"cp_cl": "400000.0",
		"group_cl": "4000000.0",
		"collateral": "4000.0",
		"credit_usage": "235645.0",
		"bal_collateral": "168355.0",
		"watchlist": "WATCHLIST",
		"credit_analyst": "John Smith",
		"supervisor": "Mark Twain",
		"dg": "11",
		"rc_rating": "BB",
		"last_review_date": "Sep 19 2017",
		"cpty_id": "1054"
	}, {
		"group_id": "152",
		"group_name": "AstroPay LLP",
		"cp_name": "Astropay Panama",
		"cp_cl": "200000.0",
		"group_cl": "4000000.0",
		"collateral": "4000.0",
		"credit_usage": "156487.0",
		"bal_collateral": "47513.0",
		"watchlist": "No",
		"credit_analyst": "John Smith",
		"supervisor": "Ray Lewis",
		"dg": "11",
		"rc_rating": "BB",
		"last_review_date": "Sep 19 2017",
		"cpty_id": "1055"
	}, {
		"group_id": "152",
		"group_name": "AstroPay LLP",
		"cp_name": "Astropay Columbia",
		"cp_cl": "400000.0",
		"group_cl": "4000000.0",
		"collateral": "4000.0",
		"credit_usage": "365477.0",
		"bal_collateral": "38523.0",
		"watchlist": "No",
		"credit_analyst": "Linda North",
		"supervisor": "Mark Twain",
		"dg": "11",
		"rc_rating": "BB",
		"last_review_date": "Sep 19 2017",
		"cpty_id": "1053"
	}, {
		"group_id": "152",
		"group_name": "AstroPay LLP",
		"cp_name": "AstroPay LLP Brazil",
		"cp_cl": "300000.0",
		"group_cl": "4000000.0",
		"collateral": "4000.0",
		"credit_usage": "251254.0",
		"bal_collateral": "52746.0",
		"watchlist": "No",
		"credit_analyst": "John Smith",
		"supervisor": "Ray Lewis",
		"dg": "11",
		"rc_rating": "BB",
		"last_review_date": "Sep 19 2017",
		"cpty_id": "1052"
	}, {
		"group_id": "152",
		"group_name": "AstroPay LLP",
		"cp_name": "Astropay - India",
		"cp_cl": "200000.0",
		"group_cl": "4000000.0",
		"collateral": "4000.0",
		"credit_usage": "198546.0",
		"bal_collateral": "5454.0",
		"watchlist": "No",
		"credit_analyst": "John Smith",
		"supervisor": "Mark Twain",
		"dg": "11",
		"rc_rating": "BB",
		"last_review_date": "Oct 01 2017",
		"cpty_id": "1058"
	}, {
		"group_id": "152",
		"group_name": "AstroPay LLP",
		"cp_name": "Astropay UK",
		"cp_cl": "200000.0",
		"group_cl": "4000000.0",
		"collateral": "4000.0",
		"credit_usage": "189654.0",
		"bal_collateral": "14346.0",
		"watchlist": "No",
		"credit_analyst": "Peter Ward",
		"supervisor": "Ray Lewis",
		"dg": "11",
		"rc_rating": "BB",
		"last_review_date": "Oct 01 2017",
		"cpty_id": "1057"
	}, {
		"group_id": "129",
		"group_name": "Bank Asia Limited",
		"cp_name": "Bank Asia Limited",
		"cp_cl": "1000000.0",
		"group_cl": "3000000.0",
		"collateral": "100000.0",
		"credit_usage": "479273.0",
		"bal_collateral": "620727.0",
		"watchlist": "No",
		"credit_analyst": "John Smith",
		"supervisor": "Mark Twain",
		"dg": "14",
		"rc_rating": "Not Rated",
		"last_review_date": "Sep 19 2017",
		"cpty_id": "1029"
	}, {
		"group_id": "102",
		"group_name": "Bank Hapoalim",
		"cp_name": "Bank Hapoalim - Canada",
		"cp_cl": "20000000",
		"group_cl": "400000000.0",
		"collateral": "2000000.0",
		"credit_usage": "6209504.0",
		"bal_collateral": "15790496.0",
		"watchlist": "No",
		"credit_analyst": "Peter Ward",
		"supervisor": "Ray Lewis",
		"dg": "6",
		"rc_rating": "A",
		"last_review_date": "Oct 01 2017",
		"cpty_id": "1062"
	}, {
		"group_id": "102",
		"group_name": "Bank Hapoalim",
		"cp_name": "Bank Hapoalim - UK",
		"cp_cl": "20000000",
		"group_cl": "400000000.0",
		"collateral": "2000000.0",
		"credit_usage": "7341596.0",
		"bal_collateral": "14658404.0",
		"watchlist": "No",
		"credit_analyst": "John Smith",
		"supervisor": "Mark Twain",
		"dg": "6",
		"rc_rating": "A",
		"last_review_date": "Oct 01 2017",
		"cpty_id": "1063"
	}, {
		"group_id": "102",
		"group_name": "Bank Hapoalim",
		"cp_name": "Bank Hapoalim - Turkey",
		"cp_cl": "20000000",
		"group_cl": "400000000.0",
		"collateral": "2000000.0",
		"credit_usage": "14134151",
		"bal_collateral": "7865849.0",
		"watchlist": "No",
		"credit_analyst": "Linda North",
		"supervisor": "Lisa Warner",
		"dg": "6",
		"rc_rating": "A",
		"last_review_date": "Oct 01 2017",
		"cpty_id": "1069"
	}, {
		"group_id": "102",
		"group_name": "Bank Hapoalim",
		"cp_name": "Bank Hapoalim - Luxembourg",
		"cp_cl": "20000000",
		"group_cl": "400000000.0",
		"collateral": "2000000.0",
		"credit_usage": "13002059",
		"bal_collateral": "8997941.0",
		"watchlist": "No",
		"credit_analyst": "John Smith",
		"supervisor": "Lisa Warner",
		"dg": "6",
		"rc_rating": "A",
		"last_review_date": "Oct 01 2017",
		"cpty_id": "1068"
	}, {
		"group_id": "102",
		"group_name": "Bank Hapoalim",
		"cp_name": "Bank Hapoalim - USA",
		"cp_cl": "100000000",
		"group_cl": "400000000.0",
		"collateral": "10000000",
		"credit_usage": "5077411.0",
		"bal_collateral": "104922589.0",
		"watchlist": "No",
		"credit_analyst": "John Smith",
		"supervisor": "Lisa Warner",
		"dg": "6",
		"rc_rating": "A",
		"last_review_date": "Sep 19 2017",
		"cpty_id": "1002"
	}, {
		"group_id": "102",
		"group_name": "Bank Hapoalim",
		"cp_name": "Bank Hapoalim - Switzerland",
		"cp_cl": "20000000",
		"group_cl": "400000000.0",
		"collateral": "2000000.0",
		"credit_usage": "11869966",
		"bal_collateral": "10130034.0",
		"watchlist": "No",
		"credit_analyst": "Peter Ward",
		"supervisor": "Lisa Warner",
		"dg": "6",
		"rc_rating": "A",
		"last_review_date": "Oct 01 2017",
		"cpty_id": "1067"
	}, {
		"group_id": "102",
		"group_name": "Bank Hapoalim",
		"cp_name": "Bank Hapoalim - Israel",
		"cp_cl": "100000000",
		"group_cl": "400000000.0",
		"collateral": "2000000.0",
		"credit_usage": "10737874",
		"bal_collateral": "91262126.0",
		"watchlist": "No",
		"credit_analyst": "Linda North",
		"supervisor": "Lisa Warner",
		"dg": "6",
		"rc_rating": "A",
		"last_review_date": "Oct 01 2017",
		"cpty_id": "1066"
	}, {
		"group_id": "102",
		"group_name": "Bank Hapoalim",
		"cp_name": "Bank Hapoalim - Uruguay",
		"cp_cl": "20000000",
		"group_cl": "400000000.0",
		"collateral": "2000000.0",
		"credit_usage": "9605781.0",
		"bal_collateral": "12394219.0",
		"watchlist": "No",
		"credit_analyst": "John Smith",
		"supervisor": "Lisa Warner",
		"dg": "6",
		"rc_rating": "A",
		"last_review_date": "Oct 01 2017",
		"cpty_id": "1065"
	}, {
		"group_id": "102",
		"group_name": "Bank Hapoalim",
		"cp_name": "Bank Hapoalim - France",
		"cp_cl": "20000000",
		"group_cl": "400000000.0",
		"collateral": "2000000.0",
		"credit_usage": "8473689.0",
		"bal_collateral": "13526311.0",
		"watchlist": "No",
		"credit_analyst": "Peter Ward",
		"supervisor": "Ray Lewis",
		"dg": "6",
		"rc_rating": "A",
		"last_review_date": "Oct 01 2017",
		"cpty_id": "1064"
	}, {
		"group_id": "104",
		"group_name": "Bank Leumi",
		"cp_name": "Bank Leumi",
		"cp_cl": "2000000.0",
		"group_cl": "10000000",
		"collateral": "200000.0",
		"credit_usage": "1775793.0",
		"bal_collateral": "424207.0",
		"watchlist": "No",
		"credit_analyst": "Linda North",
		"supervisor": "Mark Twain",
		"dg": "7",
		"rc_rating": "A-",
		"last_review_date": "Sep 19 2017",
		"cpty_id": "1004"
	}, {
		"group_id": "116",
		"group_name": "Bank of America",
		"cp_name": "Bank of America",
		"cp_cl": "200000000",
		"group_cl": "400000000",
		"collateral": "20000000",
		"credit_usage": "125593534",
		"bal_collateral": "94406466",
		"watchlist": "No",
		"credit_analyst": "John Smith",
		"supervisor": "Lisa Warner",
		"dg": "8",
		"rc_rating": "BBB+",
		"last_review_date": "Sep 19 2017",
		"cpty_id": "1016"
	}, {
		"group_id": "105",
		"group_name": "Bank of China",
		"cp_name": "Bank of China",
		"cp_cl": "200000000",
		"group_cl": "200000000",
		"collateral": "20000000",
		"credit_usage": "13331.0",
		"bal_collateral": "219986669.0",
		"watchlist": "No",
		"credit_analyst": "Linda North",
		"supervisor": "Mark Twain",
		"dg": "5",
		"rc_rating": "A+",
		"last_review_date": "Sep 19 2017",
		"cpty_id": "1005"
	}, {
		"group_id": "111",
		"group_name": "Bank of New Zealand",
		"cp_name": "Bank of New Zealand",
		"cp_cl": "6000000.0",
		"group_cl": "6000000.0",
		"collateral": "200000.0",
		"credit_usage": "0.0",
		"bal_collateral": "6200000.0",
		"watchlist": "No",
		"credit_analyst": "Linda North",
		"supervisor": "Ray Lewis",
		"dg": "4",
		"rc_rating": "AA-",
		"last_review_date": "Sep 19 2017",
		"cpty_id": "1011"
	}, {
		"group_id": "106",
		"group_name": "Bank of Tokyo-Mitsubishi UFJ",
		"cp_name": "Bank of Tokyo-Mitsubishi UFJ Ltd",
		"cp_cl": "200000000",
		"group_cl": "200000000",
		"collateral": "20000000",
		"credit_usage": "33586534",
		"bal_collateral": "186413466",
		"watchlist": "No",
		"credit_analyst": "Peter Ward",
		"supervisor": "Ray Lewis",
		"dg": "5",
		"rc_rating": "A+",
		"last_review_date": "Sep 19 2017",
		"cpty_id": "1006"
	}, {
		"group_id": "103",
		"group_name": "Barclays UK",
		"cp_name": "Barclays UK",
		"cp_cl": "200000000",
		"group_cl": "200000000",
		"collateral": "20000000",
		"credit_usage": "31173360",
		"bal_collateral": "188826640",
		"watchlist": "WATCHLIST",
		"credit_analyst": "Linda North",
		"supervisor": "Mark Twain",
		"dg": "7",
		"rc_rating": "A-",
		"last_review_date": "Sep 19 2017",
		"cpty_id": "1003"
	}, {
		"group_id": "140",
		"group_name": "Brastel Co. Ltd",
		"cp_name": "Brastel Co. Ltd",
		"cp_cl": "200000.0",
		"group_cl": "600000.0",
		"collateral": "20000.0",
		"credit_usage": "497074.0",
		"bal_collateral": "-277074.0",
		"watchlist": "No",
		"credit_analyst": "John Smith",
		"supervisor": "Ray Lewis",
		"dg": "14",
		"rc_rating": "Not Rated",
		"last_review_date": "Sep 19 2017",
		"cpty_id": "1040"
	}, {
		"group_id": "135",
		"group_name": "Choice Bank Ltd",
		"cp_name": "Choice Bank Ltd",
		"cp_cl": "3000000.0",
		"group_cl": "650000.0",
		"collateral": "13000.0",
		"credit_usage": "2354565.0",
		"bal_collateral": "658435.0",
		"watchlist": "No",
		"credit_analyst": "Linda North",
		"supervisor": "Ray Lewis",
		"dg": "14",
		"rc_rating": "Not Rated",
		"last_review_date": "Sep 19 2017",
		"cpty_id": "1035"
	}, {
		"group_id": "117",
		"group_name": "Citibank",
		"cp_name": "Citibank",
		"cp_cl": "200000000",
		"group_cl": "200000000",
		"collateral": "20000000",
		"credit_usage": "7376356.0",
		"bal_collateral": "212623644.0",
		"watchlist": "WATCHLIST",
		"credit_analyst": "Linda North",
		"supervisor": "Ray Lewis",
		"dg": "8",
		"rc_rating": "BBB+",
		"last_review_date": "Sep 19 2017",
		"cpty_id": "1017"
	}, {
		"group_id": "144",
		"group_name": "Commercial Bank of Ceylon Plc",
		"cp_name": "Commercial Bank of Ceylon Plc",
		"cp_cl": "200000.0",
		"group_cl": "600000.0",
		"collateral": "20000.0",
		"credit_usage": "780063.0",
		"bal_collateral": "-560063.0",
		"watchlist": "No",
		"credit_analyst": "John Smith",
		"supervisor": "Ray Lewis",
		"dg": "14",
		"rc_rating": "Not Rated",
		"last_review_date": "Sep 19 2017",
		"cpty_id": "1044"
	}, {
		"group_id": "127",
		"group_name": "Community Federal Saving Bank",
		"cp_name": "Community Federal Saving Bank",
		"cp_cl": "2000000.0",
		"group_cl": "6000000.0",
		"collateral": "200000.0",
		"credit_usage": "2847294.0",
		"bal_collateral": "-647294.0",
		"watchlist": "No",
		"credit_analyst": "Linda North",
		"supervisor": "Lisa Warner",
		"dg": "14",
		"rc_rating": "Not Rated",
		"last_review_date": "Sep 19 2017",
		"cpty_id": "1027"
	}, {
		"group_id": "109",
		"group_name": "DBS Singapore",
		"cp_name": "DBS Singapore",
		"cp_cl": "10000000",
		"group_cl": "10000000",
		"collateral": "1000000.0",
		"credit_usage": "185484.0",
		"bal_collateral": "10814516.0",
		"watchlist": "No",
		"credit_analyst": "John Smith",
		"supervisor": "Ray Lewis",
		"dg": "4",
		"rc_rating": "AA-",
		"last_review_date": "Sep 19 2017",
		"cpty_id": "1009"
	}, {
		"group_id": "113",
		"group_name": "Deutsche Bank",
		"cp_name": "Deutsche Bank",
		"cp_cl": "100000000",
		"group_cl": "100000000",
		"collateral": "10000000",
		"credit_usage": "86408905",
		"bal_collateral": "23591095",
		"watchlist": "No",
		"credit_analyst": "John Smith",
		"supervisor": "Ray Lewis",
		"dg": "9",
		"rc_rating": "BBB",
		"last_review_date": "Sep 19 2017",
		"cpty_id": "1013"
	}, {
		"group_id": "134",
		"group_name": "Earthport PLC",
		"cp_name": "Earthport PLC",
		"cp_cl": "3000000.0",
		"group_cl": "700000.0",
		"collateral": "14000.0",
		"credit_usage": "2546548.0",
		"bal_collateral": "467452.0",
		"watchlist": "No",
		"credit_analyst": "Linda North",
		"supervisor": "Lisa Warner",
		"dg": "14",
		"rc_rating": "Not Rated",
		"last_review_date": "Sep 19 2017",
		"cpty_id": "1034"
	}, {
		"group_id": "110",
		"group_name": "EcoBank",
		"cp_name": "EcoBank",
		"cp_cl": "2000000.0",
		"group_cl": "6000000.0",
		"collateral": "200000.0",
		"credit_usage": "104.0",
		"bal_collateral": "2199896.0",
		"watchlist": "No",
		"credit_analyst": "Linda North",
		"supervisor": "Lisa Warner",
		"dg": "4",
		"rc_rating": "AA-",
		"last_review_date": "Sep 19 2017",
		"cpty_id": "1010"
	}, {
		"group_id": "147",
		"group_name": "Exchange4Free",
		"cp_name": "Exchange4Free",
		"cp_cl": "200000.0",
		"group_cl": "600000.0",
		"collateral": "20000.0",
		"credit_usage": "167950.0",
		"bal_collateral": "52050.0",
		"watchlist": "No",
		"credit_analyst": "Linda North",
		"supervisor": "Ray Lewis",
		"dg": "14",
		"rc_rating": "Not Rated",
		"last_review_date": "Sep 19 2017",
		"cpty_id": "1047"
	}, {
		"group_id": "128",
		"group_name": "First Century Bank",
		"cp_name": "First Century Bank",
		"cp_cl": "2000000.0",
		"group_cl": "6000000.0",
		"collateral": "200000.0",
		"credit_usage": "1170378.0",
		"bal_collateral": "1029622.0",
		"watchlist": "WATCHLIST",
		"credit_analyst": "Peter Ward",
		"supervisor": "Mark Twain",
		"dg": "14",
		"rc_rating": "Not Rated",
		"last_review_date": "Sep 19 2017",
		"cpty_id": "1028"
	}, {
		"group_id": "126",
		"group_name": "First Covenant Bank",
		"cp_name": "First Covenant Bank",
		"cp_cl": "2000000.0",
		"group_cl": "6000000.0",
		"collateral": "200000.0",
		"credit_usage": "735246.0",
		"bal_collateral": "1464754.0",
		"watchlist": "No",
		"credit_analyst": "Peter Ward",
		"supervisor": "Ray Lewis",
		"dg": "14",
		"rc_rating": "Not Rated",
		"last_review_date": "Sep 19 2017",
		"cpty_id": "1026"
	}, {
		"group_id": "112",
		"group_name": "First International Bank of Israel",
		"cp_name": "First International Bank of Israel",
		"cp_cl": "2500000.0",
		"group_cl": "12500000",
		"collateral": "250000.0",
		"credit_usage": "2553500.0",
		"bal_collateral": "196500.0",
		"watchlist": "WATCHLIST",
		"credit_analyst": "Peter Ward",
		"supervisor": "Ray Lewis",
		"dg": "2",
		"rc_rating": "AA+",
		"last_review_date": "Sep 19 2017",
		"cpty_id": "1012"
	}, {
		"group_id": "139",
		"group_name": "GLOBEBILL COMPANY",
		"cp_name": "GLOBEBILL COMPANY",
		"cp_cl": "200000.0",
		"group_cl": "600000.0",
		"collateral": "20000.0",
		"credit_usage": "31222.0",
		"bal_collateral": "188778.0",
		"watchlist": "WATCHLIST",
		"credit_analyst": "Linda North",
		"supervisor": "Mark Twain",
		"dg": "14",
		"rc_rating": "Not Rated",
		"last_review_date": "Sep 19 2017",
		"cpty_id": "1039"
	}, {
		"group_id": "138",
		"group_name": "Geoswift Solution Ltd",
		"cp_name": "Geoswift Solution Ltd",
		"cp_cl": "200000.0",
		"group_cl": "600000.0",
		"collateral": "20000.0",
		"credit_usage": "151853.0",
		"bal_collateral": "68147.0",
		"watchlist": "No",
		"credit_analyst": "Linda North",
		"supervisor": "Lisa Warner",
		"dg": "14",
		"rc_rating": "Not Rated",
		"last_review_date": "Sep 19 2017",
		"cpty_id": "1038"
	}, {
		"group_id": "136",
		"group_name": "Homesend Belgium",
		"cp_name": "Homesend Belgium",
		"cp_cl": "200000.0",
		"group_cl": "600000.0",
		"collateral": "20000.0",
		"credit_usage": "74077.0",
		"bal_collateral": "145923.0",
		"watchlist": "No",
		"credit_analyst": "Linda North",
		"supervisor": "Lisa Warner",
		"dg": "14",
		"rc_rating": "Not Rated",
		"last_review_date": "Sep 19 2017",
		"cpty_id": "1036"
	}, {
		"group_id": "114",
		"group_name": "ICICI Bank",
		"cp_name": "ICICI Bank",
		"cp_cl": "100000000",
		"group_cl": "100000000",
		"collateral": "10000000",
		"credit_usage": "330484.0",
		"bal_collateral": "109669516.0",
		"watchlist": "No",
		"credit_analyst": "Linda North",
		"supervisor": "Lisa Warner",
		"dg": "10",
		"rc_rating": "BBB-",
		"last_review_date": "Sep 19 2017",
		"cpty_id": "1014"
	}, {
		"group_id": "107",
		"group_name": "IndusInd Bank Ltd",
		"cp_name": "IndusInd Bank Ltd",
		"cp_cl": "2000000.0",
		"group_cl": "10000000",
		"collateral": "200000.0",
		"credit_usage": "1397877.0",
		"bal_collateral": "802123.0",
		"watchlist": "WATCHLIST",
		"credit_analyst": "John Smith",
		"supervisor": "Ray Lewis",
		"dg": "3",
		"rc_rating": "AA",
		"last_review_date": "Sep 19 2017",
		"cpty_id": "1007"
	}, {
		"group_id": "141",
		"group_name": "Investa Bank",
		"cp_name": "Investa Bank",
		"cp_cl": "200000.0",
		"group_cl": "600000.0",
		"collateral": "20000.0",
		"credit_usage": "108155.0",
		"bal_collateral": "111845.0",
		"watchlist": "No",
		"credit_analyst": "Linda North",
		"supervisor": "Mark Twain",
		"dg": "14",
		"rc_rating": "Not Rated",
		"last_review_date": "Sep 19 2017",
		"cpty_id": "1041"
	}, {
		"group_id": "124",
		"group_name": "KCP bank",
		"cp_name": "KCP bank",
		"cp_cl": "6000000.0",
		"group_cl": "6000000.0",
		"collateral": "200000.0",
		"credit_usage": "0.0",
		"bal_collateral": "6200000.0",
		"watchlist": "No",
		"credit_analyst": "Peter Ward",
		"supervisor": "Lisa Warner",
		"dg": "14",
		"rc_rating": "Not Rated",
		"last_review_date": "Sep 19 2017",
		"cpty_id": "1024"
	}, {
		"group_id": "125",
		"group_name": "Metropolitan Commercial Bank",
		"cp_name": "Metropolitan Commercial Bank",
		"cp_cl": "2000000.0",
		"group_cl": "6000000.0",
		"collateral": "200000.0",
		"credit_usage": "1050022.0",
		"bal_collateral": "1149978.0",
		"watchlist": "No",
		"credit_analyst": "John Smith",
		"supervisor": "Mark Twain",
		"dg": "14",
		"rc_rating": "Not Rated",
		"last_review_date": "Sep 19 2017",
		"cpty_id": "1025"
	}, {
		"group_id": "130",
		"group_name": "Mobilink Microfinance Bank Limited",
		"cp_name": "Mobilink Microfinance Bank Limited",
		"cp_cl": "1000000.0",
		"group_cl": "3000000.0",
		"collateral": "100000.0",
		"credit_usage": "986161.0",
		"bal_collateral": "113839.0",
		"watchlist": "WATCHLIST",
		"credit_analyst": "Linda North",
		"supervisor": "Ray Lewis",
		"dg": "14",
		"rc_rating": "Not Rated",
		"last_review_date": "Sep 19 2017",
		"cpty_id": "1030"
	}, {
		"group_id": "145",
		"group_name": "MoneyNet Int",
		"cp_name": "MoneyNet Int",
		"cp_cl": "200000.0",
		"group_cl": "600000.0",
		"collateral": "20000.0",
		"credit_usage": "469182.0",
		"bal_collateral": "-249182.0",
		"watchlist": "No",
		"credit_analyst": "John Smith",
		"supervisor": "Mark Twain",
		"dg": "14",
		"rc_rating": "Not Rated",
		"last_review_date": "Sep 19 2017",
		"cpty_id": "1045"
	}, {
		"group_id": "108",
		"group_name": "National Australia Bank",
		"cp_name": "National Australia Bank",
		"cp_cl": "2000000.0",
		"group_cl": "10000000",
		"collateral": "200000.0",
		"credit_usage": "1545873.0",
		"bal_collateral": "654127.0",
		"watchlist": "No",
		"credit_analyst": "Peter Ward",
		"supervisor": "Mark Twain",
		"dg": "4",
		"rc_rating": "AA-",
		"last_review_date": "Sep 19 2017",
		"cpty_id": "1008"
	}, {
		"group_id": "121",
		"group_name": "Natwest Bank",
		"cp_name": "Natwest Bank",
		"cp_cl": "5000000.0",
		"group_cl": "15000000",
		"collateral": "500000.0",
		"credit_usage": "2477798.0",
		"bal_collateral": "3022202.0",
		"watchlist": "No",
		"credit_analyst": "Peter Ward",
		"supervisor": "Mark Twain",
		"dg": "14",
		"rc_rating": "Not Rated",
		"last_review_date": "Sep 19 2017",
		"cpty_id": "1021"
	}, {
		"group_id": "133",
		"group_name": "Non-Bank deposits and restricted",
		"cp_name": "Non-Bank deposits and restricted",
		"cp_cl": "1000000.0",
		"group_cl": "3000000.0",
		"collateral": "100000.0",
		"credit_usage": "513089.0",
		"bal_collateral": "586911.0",
		"watchlist": "No",
		"credit_analyst": "Linda North",
		"supervisor": "Ray Lewis",
		"dg": "14",
		"rc_rating": "Not Rated",
		"last_review_date": "Sep 19 2017",
		"cpty_id": "1033"
	}, {
		"group_id": "120",
		"group_name": "North Channel Bank GmbH & Co. KG",
		"cp_name": "North Channel Bank GmbH & Co. KG",
		"cp_cl": "15000000",
		"group_cl": "15000000",
		"collateral": "500000.0",
		"credit_usage": "0.0",
		"bal_collateral": "15500000.0",
		"watchlist": "WATCHLIST",
		"credit_analyst": "Linda North",
		"supervisor": "Ray Lewis",
		"dg": "14",
		"rc_rating": "Not Rated",
		"last_review_date": "Sep 19 2017",
		"cpty_id": "1020"
	}, {
		"group_id": "143",
		"group_name": "PayGate Corporation Limited",
		"cp_name": "PayGate Corporation Limited",
		"cp_cl": "200000.0",
		"group_cl": "600000.0",
		"collateral": "20000.0",
		"credit_usage": "1658437.0",
		"bal_collateral": "-1438437.0",
		"watchlist": "WATCHLIST",
		"credit_analyst": "Peter Ward",
		"supervisor": "Ray Lewis",
		"dg": "14",
		"rc_rating": "Not Rated",
		"last_review_date": "Sep 19 2017",
		"cpty_id": "1043"
	}, {
		"group_id": "137",
		"group_name": "Ping An Bank",
		"cp_name": "Ping An Bank",
		"cp_cl": "200000.0",
		"group_cl": "600000.0",
		"collateral": "20000.0",
		"credit_usage": "109437.0",
		"bal_collateral": "110563.0",
		"watchlist": "No",
		"credit_analyst": "John Smith",
		"supervisor": "Lisa Warner",
		"dg": "14",
		"rc_rating": "Not Rated",
		"last_review_date": "Sep 19 2017",
		"cpty_id": "1037"
	}, {
		"group_id": "150",
		"group_name": "Pontual Money Transfer",
		"cp_name": "Pontual Money Transfer",
		"cp_cl": "200000.0",
		"group_cl": "600000.0",
		"collateral": "20000.0",
		"credit_usage": "234155.0",
		"bal_collateral": "-14155.0",
		"watchlist": "No",
		"credit_analyst": "John Smith",
		"supervisor": "Ray Lewis",
		"dg": "14",
		"rc_rating": "Not Rated",
		"last_review_date": "Sep 19 2017",
		"cpty_id": "1050"
	}, {
		"group_id": "119",
		"group_name": "Privat Bank",
		"cp_name": "Privat Bank",
		"cp_cl": "1000000.0",
		"group_cl": "5000000.0",
		"collateral": "100000.0",
		"credit_usage": "247954.0",
		"bal_collateral": "852046.0",
		"watchlist": "No",
		"credit_analyst": "John Smith",
		"supervisor": "Lisa Warner",
		"dg": "13",
		"rc_rating": "CCC+",
		"last_review_date": "Sep 19 2017",
		"cpty_id": "1019"
	}, {
		"group_id": "142",
		"group_name": "Rapida Ltd",
		"cp_name": "Rapida Ltd",
		"cp_cl": "200000.0",
		"group_cl": "600000.0",
		"collateral": "20000.0",
		"credit_usage": "797865.0",
		"bal_collateral": "-577865.0",
		"watchlist": "No",
		"credit_analyst": "John Smith",
		"supervisor": "Mark Twain",
		"dg": "14",
		"rc_rating": "Not Rated",
		"last_review_date": "Sep 19 2017",
		"cpty_id": "1042"
	}, {
		"group_id": "115",
		"group_name": "Royal Bank of Scotland PLC",
		"cp_name": "Royal Bank of Scotland PLC",
		"cp_cl": "50000000",
		"group_cl": "50000000",
		"collateral": "5000000.0",
		"credit_usage": "11383711",
		"bal_collateral": "43616289.0",
		"watchlist": "No",
		"credit_analyst": "Peter Ward",
		"supervisor": "Ray Lewis",
		"dg": "10",
		"rc_rating": "BBB-",
		"last_review_date": "Sep 19 2017",
		"cpty_id": "1015"
	}, {
		"group_id": "123",
		"group_name": "Shanghai Fuiou Payment Service Co.",
		"cp_name": "Shanghai Fuiou Payment Service Co.",
		"cp_cl": "2000000.0",
		"group_cl": "6000000.0",
		"collateral": "200000.0",
		"credit_usage": "656920.0",
		"bal_collateral": "1543080.0",
		"watchlist": "WATCHLIST",
		"credit_analyst": "Linda North",
		"supervisor": "Lisa Warner",
		"dg": "14",
		"rc_rating": "Not Rated",
		"last_review_date": "Sep 19 2017",
		"cpty_id": "1023"
	}, {
		"group_id": "118",
		"group_name": "Silicon Valley Bank",
		"cp_name": "Silicon Valley Bank",
		"cp_cl": "1000000.0",
		"group_cl": "7000000.0",
		"collateral": "100000.0",
		"credit_usage": "1742780.0",
		"bal_collateral": "-642780.0",
		"watchlist": "No",
		"credit_analyst": "John Smith",
		"supervisor": "Lisa Warner",
		"dg": "8",
		"rc_rating": "BBB+",
		"last_review_date": "Sep 19 2017",
		"cpty_id": "1018"
	}, {
		"group_id": "101",
		"group_name": "Sumitomo Mitsui Banking Corporation",
		"cp_name": "Sumitomo Mitsui Banking Corporation - Australia",
		"cp_cl": "10000000",
		"group_cl": "200000000",
		"collateral": "20000000",
		"credit_usage": "4589650.0",
		"bal_collateral": "25410350.0",
		"watchlist": "No",
		"credit_analyst": "Linda North",
		"supervisor": "Lisa Warner",
		"dg": "6",
		"rc_rating": "A",
		"last_review_date": "Oct 01 2017",
		"cpty_id": "1061"
	}, {
		"group_id": "101",
		"group_name": "Sumitomo Mitsui Banking Corporation",
		"cp_name": "Sumitomo Mitsui Banking Corporation - Japan",
		"cp_cl": "100000000",
		"group_cl": "200000000",
		"collateral": "20000000",
		"credit_usage": "254562.0",
		"bal_collateral": "119745438.0",
		"watchlist": "No",
		"credit_analyst": "Peter Ward",
		"supervisor": "Lisa Warner",
		"dg": "6",
		"rc_rating": "A",
		"last_review_date": "Sep 19 2017",
		"cpty_id": "1001"
	}, {
		"group_id": "101",
		"group_name": "Sumitomo Mitsui Banking Corporation",
		"cp_name": "Sumitomo Mitsui Banking Corporation - USA",
		"cp_cl": "100000000",
		"group_cl": "200000000",
		"collateral": "20000000",
		"credit_usage": "2325465.0",
		"bal_collateral": "117674535.0",
		"watchlist": "No",
		"credit_analyst": "Linda North",
		"supervisor": "Lisa Warner",
		"dg": "6",
		"rc_rating": "A",
		"last_review_date": "Oct 01 2017",
		"cpty_id": "1059"
	}, {
		"group_id": "101",
		"group_name": "Sumitomo Mitsui Banking Corporation",
		"cp_name": "Sumitomo Mitsui Banking Corporation - UK",
		"cp_cl": "20000000",
		"group_cl": "200000000",
		"collateral": "20000000",
		"credit_usage": "1524563.0",
		"bal_collateral": "38475437.0",
		"watchlist": "No",
		"credit_analyst": "Linda North",
		"supervisor": "Lisa Warner",
		"dg": "6",
		"rc_rating": "A",
		"last_review_date": "Oct 01 2017",
		"cpty_id": "1060"
	}, {
		"group_id": "132",
		"group_name": "The Currency Cloud",
		"cp_name": "The Currency Cloud",
		"cp_cl": "1000000.0",
		"group_cl": "3000000.0",
		"collateral": "100000.0",
		"credit_usage": "2236811.0",
		"bal_collateral": "-1136811.0",
		"watchlist": "No",
		"credit_analyst": "John Smith",
		"supervisor": "Ray Lewis",
		"dg": "14",
		"rc_rating": "Not Rated",
		"last_review_date": "Sep 19 2017",
		"cpty_id": "1032"
	}, {
		"group_id": "131",
		"group_name": "UnionBank Philippines",
		"cp_name": "UnionBank Philippines",
		"cp_cl": "1000000.0",
		"group_cl": "3000000.0",
		"collateral": "100000.0",
		"credit_usage": "472779.0",
		"bal_collateral": "627221.0",
		"watchlist": "No",
		"credit_analyst": "John Smith",
		"supervisor": "Mark Twain",
		"dg": "14",
		"rc_rating": "Not Rated",
		"last_review_date": "Sep 19 2017",
		"cpty_id": "1031"
	}, {
		"group_id": "151",
		"group_name": "Vimo Vietnam",
		"cp_name": "Vimo Vietnam",
		"cp_cl": "200000.0",
		"group_cl": "600000.0",
		"collateral": "20000.0",
		"credit_usage": "152571.0",
		"bal_collateral": "67429.0",
		"watchlist": "No",
		"credit_analyst": "Peter Ward",
		"supervisor": "Ray Lewis",
		"dg": "14",
		"rc_rating": "Not Rated",
		"last_review_date": "Sep 19 2017",
		"cpty_id": "1051"
	}, {
		"group_id": "146",
		"group_name": "Vitesse PSP Ltd",
		"cp_name": "Vitesse PSP Ltd",
		"cp_cl": "200000.0",
		"group_cl": "600000.0",
		"collateral": "20000.0",
		"credit_usage": "732695.0",
		"bal_collateral": "-512695.0",
		"watchlist": "No",
		"credit_analyst": "John Smith",
		"supervisor": "Lisa Warner",
		"dg": "14",
		"rc_rating": "Not Rated",
		"last_review_date": "Sep 19 2017",
		"cpty_id": "1046"
	}, {
		"group_id": "149",
		"group_name": "Webmoney - PPS",
		"cp_name": "Webmoney - PPS",
		"cp_cl": "200000.0",
		"group_cl": "600000.0",
		"collateral": "20000.0",
		"credit_usage": "254566.0",
		"bal_collateral": "-34566.0",
		"watchlist": "No",
		"credit_analyst": "John Smith",
		"supervisor": "Lisa Warner",
		"dg": "14",
		"rc_rating": "Not Rated",
		"last_review_date": "Sep 19 2017",
		"cpty_id": "1049"
	}, {
		"group_id": "122",
		"group_name": "Wirecard Bank AG",
		"cp_name": "Wirecard Bank AG",
		"cp_cl": "2500000.0",
		"group_cl": "7500000.0",
		"collateral": "250000.0",
		"credit_usage": "2545875.0",
		"bal_collateral": "204125.0",
		"watchlist": "No",
		"credit_analyst": "John Smith",
		"supervisor": "Mark Twain",
		"dg": "14",
		"rc_rating": "Not Rated",
		"last_review_date": "Sep 19 2017",
		"cpty_id": "1022"
	}, {
		"group_id": "148",
		"group_name": "Wirecard Card Solutions Ltd",
		"cp_name": "Wirecard Card Solutions Ltd",
		"cp_cl": "200000.0",
		"group_cl": "600000.0",
		"collateral": "20000.0",
		"credit_usage": "215456.0",
		"bal_collateral": "4544.0",
		"watchlist": "No",
		"credit_analyst": "Peter Ward",
		"supervisor": "Ray Lewis",
		"dg": "14",
		"rc_rating": "Not Rated",
		"last_review_date": "Sep 19 2017",
		"cpty_id": "1048"
	}]
}