{
  "creditApprovalsData": [
    {
      "requestId": "f9aa0436-001d-43d1-9d89-30d8d9f6fdfd",
      "groupData": {
        "group_name": "Sumitomo Mitsui Banking Corporation",
        "cptys": [
          {
            "allocated_limit": "100000.0",
            "cpty_id": "1001",
            "cp_name": "Sumitomo Mitsui Banking Corporation - Japan",
            "counterparty_limit": "100000000"
          },
          {
            "allocated_limit": "100000.0",
            "cpty_id": "1059",
            "cp_name": "Sumitomo Mitsui Banking Corporation - USA",
            "counterparty_limit": "100000000"
          },
          {
            "allocated_limit": "100000.0",
            "cpty_id": "1060",
            "cp_name": "Sumitomo Mitsui Banking Corporation - UK",
            "counterparty_limit": "20000000"
          },
          {
            "allocated_limit": "100000.0",
            "cpty_id": "1061",
            "cp_name": "Sumitomo Mitsui Banking Corporation - Australia",
            "counterparty_limit": "10000000"
          }
        ],
        "group_id": "101",
        "group_limit": "200000000"
      },
      "cptyLimitData": [
        {
          "submittedTo": 1007,
          "status": "SUBMITTED_SUPERVISOR_APPROVAL",
          "requestId": "f9aa0436-001d-43d1-9d89-30d8d9f6fdfd",
          "cptyId": 1001,
          "creditLimit": 200000,
          "allocatedCreditLimit": 200000,
          "settlementLimit": 0,
          "allocatedSettlementLimit": 0,
          "submittedByUser": "Geri Shapiros",
          "submittedToRole": "Supervisor",
          "groupId": 101,
          "submittedToUser": "Kristina Yadlon",
          "AllocatedUpdateDate": "Oct 29 2017 8:02:22 PM",
          "submittedBy": 1006,
          "creditComments": "Cpty 2 Comments",
          "settlementUpdateDate": "Oct 29 2017 8:02:22 PM"
        },
        {
          "submittedTo": 1007,
          "status": "SUBMITTED_SUPERVISOR_APPROVAL",
          "requestId": "f9aa0436-001d-43d1-9d89-30d8d9f6fdfd",
          "cptyId": 1059,
          "creditLimit": 600000,
          "allocatedCreditLimit": 300000,
          "settlementLimit": 0,
          "allocatedSettlementLimit": 0,
          "submittedByUser": "Geri Shapiro",
          "submittedToRole": "Supervisor",
          "groupId": 101,
          "submittedToUser": "Kristina Yadlon",
          "AllocatedUpdateDate": "Oct 29 2017 8:02:22 PM",
          "submittedBy": 1006,
          "creditComments": "Cpty 1 Comments",
          "settlementUpdateDate": "Oct 29 2017 8:02:22 PM"
        }
      ]
    }
  ]
}
