{
	"approvals": [{
		"requestId": 123,
		"groupId": 101,
		"creditLimit": 4000000.0,
		"allocatedCreditLimit": 2000000.0,
		"settlementLimit": 0.0,
		"allocatedSettlementLimit": 0.0,
		"previousCreditLimit": 4000000.0,
		"previousAllocatedCreditLimit": 3000000.0,
		"previousSettlementLimit": 0.0,
		"previousAllocatedSettlementLimit": 0.0,
		"creditComments": "Credit Comments",
		"settlementComments": "Settlement Comments",
		"updatedDate": "Sep 24, 2017 12:25:40 AM",
		"counterparties": [{
			"cptyId": 1011,
			"creditLimit": 600000.0,
			"allocatedCreditLimit": 300000.0,
			"settlementLimit": 0.0,
			"allocatedSettlementLimit": 0.0,
			"previousCreditLimit": 600000.0,
			"previousAllocatedCreditLimit": 300000.0,
			"previousSettlementLimit": 0.0,
			"previousAllocatedSettlementLimit": 0.0,
			"creditComments": "Cpty 1 Comments",
			"updatedDate": "Oct 24, 2017 12:25:40 AM"
		}, {
			"cptyId": 1012,
			"creditLimit": 200000.0,
			"allocatedCreditLimit": 200000.0,
			"settlementLimit": 0.0,
			"allocatedSettlementLimit": 0.0,
			"creditComments": "Cpty 2 Comments",
			"updatedDate": "Oct 24, 2017 12:25:40 AM",
			"previousCreditLimit": 600000.0,
			"previousAllocatedCreditLimit": 300000.0,
			"previousSettlementLimit": 0.0,
			"previousAllocatedSettlementLimit": 0.0

		}],
		"submittedBy": 1002,
		"submittedTo": 1021,
    "SubmitToRole" : "creditAnalyst"
	},
	{
		"requestId": 124,
		"groupId": 102,
		"creditLimit": 4000000.0,
		"allocatedCreditLimit": 2000000.0,
		"settlementLimit": 0.0,
		"allocatedSettlementLimit": 0.0,
		"previousCreditLimit": 4000000.0,
		"previousAllocatedCreditLimit": 3000000.0,
		"previousSettlementLimit": 0.0,
		"previousAllocatedSettlementLimit": 0.0,
		"creditComments": "Credit Comments",
		"settlementComments": "Settlement Comments",
		"updatedDate": "Oct 25, 2017 12:25:40 AM",
		"counterparties": [{
			"cptyId": 1011,
			"creditLimit": 600000.0,
			"allocatedCreditLimit": 300000.0,
			"settlementLimit": 0.0,
			"allocatedSettlementLimit": 0.0,
			"previousCreditLimit": 600000.0,
			"previousAllocatedCreditLimit": 200000.0,
			"previousSettlementLimit": 0.0,
			"previousAllocatedSettlementLimit": 0.0,
			"creditComments": "Cpty 1 Comments",
			"updatedDate": "Oct 25, 2017 12:25:40 AM"
		}, {
			"cptyId": 1012,
			"creditLimit": 200000.0,
			"allocatedCreditLimit": 200000.0,
			"settlementLimit": 0.0,
			"allocatedSettlementLimit": 0.0,
			"creditComments": "Cpty 2 Comments",
			"updatedDate": "Oct 25, 2017 12:25:40 AM",
			"previousCreditLimit": 600000.0,
			"previousAllocatedCreditLimit": 200000.0,
			"previousSettlementLimit": 0.0,
			"previousAllocatedSettlementLimit": 0.0

		}],
		"submittedBy": 1003,
		"submittedTo": 1021,
    "SubmitToRole" : "creditSupervisor"
	}]
}
