[{
	"questionnaire_name": "DD_Quesionnaire",
	"client": "American Express",
	"assignor": "Rajiv Mishra",
	"assignee": "Martha Canary",
	"department": "Engineering- Front End",
	"assigned_date": "Nov 15, 2017",
	"response_due": "Nov 15, 2017",
	"no_questions": "68",
	"no_answered": "20"
},
{
	"questionnaire_name": "DD_Quesionnaire",
	"client": "American Express",
	"assignor": "Rajiv Mishra",
	"assignee": "Tom Price",
	"department": "HR",
	"assigned_date": "Nov 15, 2017",
	"response_due": "Nov 15, 2017",
	"no_questions": "65",
	"no_answered": "40"
},
{
	"questionnaire_name": "DD_Quesionnaire",
	"client": "American Express",
	"assignor": "Rajiv Mishra",
	"assignee": "Edy Murphy",
	"department": "Engineering- Back End",
	"assigned_date": "Nov 15, 2017",
	"response_due": "Nov 15, 2017",
	"no_questions": "68",
	"no_answered": "50"
}]