[{
  "questionnaire_name": "DD_Questionnaire",
  "client": "American Express",
  "product_service": "Credit Cards",
  "recipient": "Rebecca Adams",
  "recipient_email": "rebecca@riskcounts.com",
  "creator": "Rajiv Mishra",
  "supervisor": "Tom Lampoon",
  "received_on": "Oct 15, 2017",
  "submitted_on": "Nov 15, 2017"
},{
  "questionnaire_name": "DD_Questionnaire",
  "client": "American Express",
  "product_service": "Credit Cards",
  "recipient": "Vladimer Puth",
  "recipient_email": "vladimer@riskcounts.com",
  "creator": "Rajiv Mishra",
  "supervisor": "Tom Landis",
  "received_on": "Oct 15, 2017",
  "submitted_on": "Nov 15, 2017"
},{
  "questionnaire_name": "DD_Questionnaire",
  "client": "American Express",
  "product_service": "Credit Cards",
  "recipient": "Mitch Johnson",
  "recipient_email": "mitch@riskcounts.com",
  "creator": "Rajiv Mishra",
  "supervisor": "Tom Landis",
  "received_on": "Oct 15, 2017",
  "submitted_on": "Nov 15, 2017"
},{
  "questionnaire_name": "DD_Merk Inc",
  "client": "American Express",
  "product_service": "Credit Cards",
  "recipient": "Felix Rodrigo",
  "recipient_email": "felix@riskcounts.com",
  "creator": "Rajiv Mishra",
  "supervisor": "Jack Lawrence",
  "received_on": "Oct 15, 2017",
  "submitted_on": "Nov 15, 2017"
},{
  "questionnaire_name": "DD_Merk Inc",
  "client": "American Express",
  "product_service": "Credit Cards",
  "recipient": "Michael Majarb",
  "recipient_email": "michael@riskcounts.com",
  "creator": "Rajiv Mishra",
  "supervisor": "Jack Lawrence",
  "received_on": "Oct 15, 2017",
  "submitted_on": "Nov 15, 2017"
},{
  "questionnaire_name": "DD_Questionnaire",
  "client": "American Express",
  "product_service": "Credit Cards",
  "recipient": "Orlando Bloom",
  "recipient_email": "orlando@riskcounts.com",
  "creator": "Rajiv Mishra",
  "supervisor": "Tom Landis",
  "received_on": "Oct 15, 2017",
  "submitted_on": "Nov 15, 2017"
},{
  "questionnaire_name": "DD_Questionnaire",
  "client": "American Express",
  "product_service": "Credit Cards",
  "recipient": "Flynn Milon",
  "recipient_email": "flinn@riskcounts.com",
  "creator": "Rajiv Mishra",
  "supervisor": "Camila Cabello",
  "received_on": "Oct 15, 2017",
  "submitted_on": "Nov 15, 2017"
},{
  "questionnaire_name": "DD_Questionnaire",
  "client": "American Express",
  "product_service": "Credit Cards",
  "recipient": "Marq Louis",
  "recipient_email": "marq@riskcounts.com",
  "creator": "Rajiv Mishra",
  "supervisor": "Camila Cabello",
  "received_on": "Oct 15, 2017",
  "submitted_on": "Nov 15, 2017"
}]
