[
    {
        "name": "Ethel Price",
        "gender": "female",
        "company": "Johnson, Johnson and Partners, LLC CMP DDC",
        "age": 22
    },
    {
        "name": "Claudine Neal",
        "gender": "female",
        "company": "Sealoud",
        "age": 55
    },
    {
        "name": "Beryl Rice",
        "gender": "female",
        "company": "Velity",
        "age": 67
    },
    {
        "name": "Rocha Meadows",
        "gender": "male",
        "company": "Goko"
    },
    {
        "name": "Marcy Green",
        "gender": "female",
        "company": "Pharmex"
    },
    {
        "name": "Kirk Cross",
        "gender": "male",
        "company": "Portico"
    },
    {
        "name": "Hattie Mullen",
        "gender": "female",
        "company": "Zilencio"
    },
    {
        "name": "Deann Bridges",
        "gender": "female",
        "company": "Equitox"
    },
    {
        "name": "Chaney Roach",
        "gender": "male",
        "company": "Qualitern"
    },
    {
        "name": "Consuelo Dickson",
        "gender": "female",
        "company": "Poshome"
    },
    {
        "name": "Billie Rowe",
        "gender": "female",
        "company": "Cemention"
    },
    {
        "name": "Bean Donovan",
        "gender": "male",
        "company": "Mantro"
    },
    {
        "name": "Lancaster Patel",
        "gender": "male",
        "company": "Krog"
    },
    {
        "name": "Rosa Dyer",
        "gender": "female",
        "company": "Netility"
    },
    {
        "name": "Christine Compton",
        "gender": "female",
        "company": "Bleeko"
    },
    {
        "name": "Milagros Finch",
        "gender": "female",
        "company": "Handshake"
    },
    {
        "name": "Ericka Alvarado",
        "gender": "female",
        "company": "Lyrichord"
    },
    {
        "name": "Sylvia Sosa",
        "gender": "female",
        "company": "Circum"
    },
    {
        "name": "Humphrey Curtis",
        "gender": "male",
        "company": "Corepan"
    }
]