{
    "record": {
        "oldRating": "CC",
        "cptyName": "Bank Asia Limited",
        "newRating": "CC",
        "newRatingFactors": {
            "ratingResponse": {
                "comments": "QUALITATIVE ADJUSTMENTS Rating",
                "rating": "CC"
            },
            "macroFactor": {
                "diversification": {
                    "countryDivResponse": {
                        "comments": "Comments for diversification.",
                        "weightedAverage": 2.57,
                        "weight": 0,
                        "factor": "Very Strong -",
                        "defaultGrade": 11
                    },
                    "countryDivData": [
                        {
                            "comments": "Collection service entities are wholly owned by Tikrel S.A., which is the Majority shareholder of Astropay LLP (99.99% Holding)",
                            "weightedAverage": 0.81,
                            "givenName": "",
                            "name": "Brazil",
                            "weight": 81.5,
                            "index": 1,
                            "factor": "Very Strong +",
                            "defaultGrade": 1
                        },
                        {
                            "weightedAverage": 0.99,
                            "givenName": "",
                            "name": "Columbia",
                            "weight": 9,
                            "index": 2,
                            "factor": "Weak",
                            "defaultGrade": 11
                        },
                        {
                            "weightedAverage": 0.76,
                            "givenName": "",
                            "name": "Mexico",
                            "weight": 9.5,
                            "index": 3,
                            "factor": "Moderate",
                            "defaultGrade": 8
                        }
                    ]
                },
                "cntryRisk": {
                    "countryRiskData": [
                        {
                            "comments": "",
                            "weightedAverage": 0.04,
                            "name": "Country Economic Strength",
                            "weight": 0.4,
                            "index": 1,
                            "factor": "Weak",
                            "defaultGrade": 11
                        },
                        {
                            "weightedAverage": 0.03,
                            "name": "Sector Risk",
                            "weight": 0.4,
                            "index": 2,
                            "factor": "Moderate",
                            "defaultGrade": 8
                        },
                        {
                            "weightedAverage": 0.02,
                            "name": "Currency Volatility to USD",
                            "weight": 0.2,
                            "index": 3,
                            "factor": "Medium",
                            "defaultGrade": 8
                        }
                    ],
                    "countryRiskResponse": {
                        "comments": "Comments on Country-Risk",
                        "weightedAverage": 9.2,
                        "weight": 0,
                        "factor": "Moderate -",
                        "defaultGrade": 9
                    }
                }
            },
            "financialProfile": {
                "solvency": [
                    {
                        "weightedAverage": 1,
                        "factorName": "Problem Loans/ Gross Loans",
                        "name": "Asset Risk",
                        "weight": 0.25,
                        "index": 1,
                        "factor": 1.34,
                        "defaultGrade": 4
                    },
                    {
                        "weightedAverage": 3.75,
                        "factorName": "Tangible Common Equity/ RWA",
                        "name": "Capital",
                        "weight": 0.25,
                        "index": 2,
                        "factor": 2.45,
                        "defaultGrade": 15
                    },
                    {
                        "comments": "",
                        "weightedAverage": 0.15,
                        "factorName": "Net Income/ Tangible Assets",
                        "name": "Profitability",
                        "weight": 0.15,
                        "index": 3,
                        "factor": 2.5,
                        "defaultGrade": 1
                    }
                ],
                "financialProfileResponse": {
                    "comments": "-",
                    "weightedAverage": 7.4,
                    "weight": 0,
                    "factor": "Moderate +",
                    "defaultGrade": 7
                },
                "liquidity": [
                    {
                        "weightedAverage": 1,
                        "factorName": "Market Funds/ Tangible Business Assets",
                        "name": "Funding Structure",
                        "weight": 0.2,
                        "index": 1,
                        "factor": 9,
                        "defaultGrade": 5
                    },
                    {
                        "comments": "Test Comment",
                        "weightedAverage": 1.5,
                        "factorName": "Liquid Banking Assets/ Tangible Business Assets",
                        "name": "Liquidity Resources",
                        "weight": 0.15,
                        "index": 2,
                        "factor": 12.1,
                        "defaultGrade": 10
                    }
                ]
            },
            "qualitativeAdjustments": {
                "operationalRiskObjects": [
                    {
                        "comments": "",
                        "weightedAverage": 0,
                        "factorName": "Litigation",
                        "weight": 0,
                        "index": 5,
                        "factor": "Fair",
                        "defaultGrade": 0
                    },
                    {
                        "comments": "",
                        "weightedAverage": 0,
                        "factorName": "Large Loss Events",
                        "weight": 0,
                        "index": 6,
                        "factor": "Good",
                        "defaultGrade": 1
                    },
                    {
                        "comments": "",
                        "weightedAverage": 0,
                        "factorName": "Regulatory Issues",
                        "weight": 0,
                        "index": 7,
                        "factor": "Good",
                        "defaultGrade": 1
                    },
                    {
                        "comments": "",
                        "weightedAverage": 0,
                        "factorName": "Cyber Security incidents",
                        "weight": 0,
                        "index": 8,
                        "factor": "Moderate",
                        "defaultGrade": -1
                    }
                ],
                "franchiseObjects": [
                    {
                        "comments": "",
                        "weightedAverage": 0,
                        "factorName": "Franchise Size",
                        "weight": 0,
                        "index": 1,
                        "factor": "Weak",
                        "defaultGrade": -2
                    },
                    {
                        "comments": "",
                        "weightedAverage": 0,
                        "factorName": "Niche Position",
                        "weight": 0,
                        "index": 2,
                        "factor": "Weak",
                        "defaultGrade": -2
                    },
                    {
                        "comments": "",
                        "weightedAverage": 0,
                        "factorName": "Geographical Diversification",
                        "weight": 0,
                        "index": 3,
                        "factor": "Weak",
                        "defaultGrade": -2
                    },
                    {
                        "comments": "",
                        "weightedAverage": 0,
                        "factorName": "Deteriorating/ Improving Profitability",
                        "weight": 0,
                        "index": 4,
                        "factor": "Excellent",
                        "defaultGrade": 2
                    }
                ],
                "reputationObjects": [
                    {
                        "comments": "",
                        "weightedAverage": 0,
                        "factorName": "Negative Media Coverage",
                        "weight": 0,
                        "index": 9,
                        "factor": "Fair",
                        "defaultGrade": 0
                    },
                    {
                        "comments": "",
                        "weightedAverage": 0,
                        "factorName": "Senior Leadership Turnover",
                        "weight": 0,
                        "index": 10,
                        "factor": "Fair",
                        "defaultGrade": 0
                    },
                    {
                        "comments": "",
                        "weightedAverage": 0,
                        "factorName": "Governance",
                        "weight": 0,
                        "index": 11,
                        "factor": "Weak",
                        "defaultGrade": -2
                    },
                    {
                        "comments": "",
                        "weightedAverage": 0,
                        "factorName": "Payoneer’s Experience",
                        "weight": 0,
                        "index": 12,
                        "factor": "Moderate",
                        "defaultGrade": -1
                    }
                ]
            }
        },
        "id": 23,
        "cptyId": 1075,
        "oldRatingFactors": {
            "ratingResponse": {
                "comments": "QUALITATIVE ADJUSTMENTS Rating",
                "rating": "CC"
            },
            "macroFactor": {
                "diversification": {
                    "countryDivResponse": {
                        "comments": "Comments for diversification.",
                        "weightedAverage": 2.57,
                        "weight": 0,
                        "factor": "Very Strong -",
                        "defaultGrade": 11
                    },
                    "countryDivData": [
                        {
                            "comments": "Collection service entities are wholly owned by Tikrel S.A., which is the Majority shareholder of Astropay LLP (99.99% Holding)",
                            "weightedAverage": 0.81,
                            "givenName": "",
                            "name": "Brazil",
                            "weight": 81.5,
                            "index": 1,
                            "factor": "Very Strong +",
                            "defaultGrade": 1
                        },
                        {
                            "weightedAverage": 0.99,
                            "givenName": "",
                            "name": "Columbia",
                            "weight": 9,
                            "index": 2,
                            "factor": "Weak",
                            "defaultGrade": 11
                        },
                        {
                            "weightedAverage": 0.76,
                            "givenName": "",
                            "name": "Mexico",
                            "weight": 9.5,
                            "index": 3,
                            "factor": "Moderate",
                            "defaultGrade": 8
                        }
                    ]
                },
                "cntryRisk": {
                    "countryRiskData": [
                        {
                            "comments": "",
                            "weightedAverage": 0.04,
                            "name": "Country Economic Strength",
                            "weight": 0.4,
                            "index": 1,
                            "factor": "Weak",
                            "defaultGrade": 11
                        },
                        {
                            "weightedAverage": 0.03,
                            "name": "Sector Risk",
                            "weight": 0.4,
                            "index": 2,
                            "factor": "Moderate",
                            "defaultGrade": 8
                        },
                        {
                            "weightedAverage": 0.02,
                            "name": "Currency Volatility to USD",
                            "weight": 0.2,
                            "index": 3,
                            "factor": "Medium",
                            "defaultGrade": 8
                        }
                    ],
                    "countryRiskResponse": {
                        "comments": "Comments on Country-Risk",
                        "weightedAverage": 9.2,
                        "weight": 0,
                        "factor": "Moderate -",
                        "defaultGrade": 9
                    }
                }
            },
            "financialProfile": {
                "solvency": [
                    {
                        "weightedAverage": 1,
                        "factorName": "Problem Loans/ Gross Loans",
                        "name": "Asset Risk",
                        "weight": 0.25,
                        "index": 1,
                        "factor": 1.34,
                        "defaultGrade": 4
                    },
                    {
                        "weightedAverage": 3.75,
                        "factorName": "Tangible Common Equity/ RWA",
                        "name": "Capital",
                        "weight": 0.25,
                        "index": 2,
                        "factor": 2.45,
                        "defaultGrade": 15
                    },
                    {
                        "comments": "",
                        "weightedAverage": 0.15,
                        "factorName": "Net Income/ Tangible Assets",
                        "name": "Profitability",
                        "weight": 0.15,
                        "index": 3,
                        "factor": 2.5,
                        "defaultGrade": 1
                    }
                ],
                "financialProfileResponse": {
                    "comments": "-",
                    "weightedAverage": 7.4,
                    "weight": 0,
                    "factor": "Moderate +",
                    "defaultGrade": 7
                },
                "liquidity": [
                    {
                        "weightedAverage": 1,
                        "factorName": "Market Funds/ Tangible Business Assets",
                        "name": "Funding Structure",
                        "weight": 0.2,
                        "index": 1,
                        "factor": 9,
                        "defaultGrade": 5
                    },
                    {
                        "weightedAverage": 1.5,
                        "factorName": "Liquid Banking Assets/ Tangible Business Assets",
                        "name": "Liquidity Resources",
                        "weight": 0.15,
                        "index": 2,
                        "factor": 12.1,
                        "defaultGrade": 10
                    }
                ]
            },
            "qualitativeAdjustments": {
                "operationalRiskObjects": [
                    {
                        "comments": "",
                        "weightedAverage": 0,
                        "factorName": "Litigation",
                        "weight": 0,
                        "index": 5,
                        "factor": "Fair",
                        "defaultGrade": 0
                    },
                    {
                        "comments": "",
                        "weightedAverage": 0,
                        "factorName": "Large Loss Events",
                        "weight": 0,
                        "index": 6,
                        "factor": "Good",
                        "defaultGrade": 1
                    },
                    {
                        "comments": "",
                        "weightedAverage": 0,
                        "factorName": "Regulatory Issues",
                        "weight": 0,
                        "index": 7,
                        "factor": "Good",
                        "defaultGrade": 1
                    },
                    {
                        "comments": "",
                        "weightedAverage": 0,
                        "factorName": "Cyber Security incidents",
                        "weight": 0,
                        "index": 8,
                        "factor": "Moderate",
                        "defaultGrade": -1
                    }
                ],
                "franchiseObjects": [
                    {
                        "comments": "",
                        "weightedAverage": 0,
                        "factorName": "Franchise Size",
                        "weight": 0,
                        "index": 1,
                        "factor": "Weak",
                        "defaultGrade": -2
                    },
                    {
                        "comments": "",
                        "weightedAverage": 0,
                        "factorName": "Niche Position",
                        "weight": 0,
                        "index": 2,
                        "factor": "Weak",
                        "defaultGrade": -2
                    },
                    {
                        "comments": "",
                        "weightedAverage": 0,
                        "factorName": "Geographical Diversification",
                        "weight": 0,
                        "index": 3,
                        "factor": "Weak",
                        "defaultGrade": -2
                    },
                    {
                        "comments": "",
                        "weightedAverage": 0,
                        "factorName": "Deteriorating/ Improving Profitability",
                        "weight": 0,
                        "index": 4,
                        "factor": "Excellent",
                        "defaultGrade": 2
                    }
                ],
                "reputationObjects": [
                    {
                        "comments": "",
                        "weightedAverage": 0,
                        "factorName": "Negative Media Coverage",
                        "weight": 0,
                        "index": 9,
                        "factor": "Fair",
                        "defaultGrade": 0
                    },
                    {
                        "comments": "",
                        "weightedAverage": 0,
                        "factorName": "Senior Leadership Turnover",
                        "weight": 0,
                        "index": 10,
                        "factor": "Fair",
                        "defaultGrade": 0
                    },
                    {
                        "comments": "",
                        "weightedAverage": 0,
                        "factorName": "Governance",
                        "weight": 0,
                        "index": 11,
                        "factor": "Weak",
                        "defaultGrade": -2
                    },
                    {
                        "comments": "",
                        "weightedAverage": 0,
                        "factorName": "Payoneer’s Experience",
                        "weight": 0,
                        "index": 12,
                        "factor": "Moderate",
                        "defaultGrade": -1
                    }
                ]
            }
        }
    }
}