{
	"records": [{
		"data": [{
			"dg": "14",
			"comments": "Stock Market collapse",
			"group_name": "KCP bank",
			"cp_name": "KCP bank",
			"rating": "Not Rated",
			"updated_by": "John Smith",
			"action": "Added",
			"group_limit": "6000000.0",
			"cp_cl": "6000000.0",
			"update_date": "Jun 19 2017"
		}, {
			"dg": "14",
			"comments": "Stock Market collapse",
			"group_name": "KCP bank",
			"cp_name": "KCP bank",
			"rating": "Not Rated",
			"updated_by": "Mark Twain",
			"action": "Removed",
			"group_limit": "6000000.0",
			"cp_cl": "6000000.0",
			"update_date": "Mar 11 2017"
		}],
		"cpty_id": "1024"
	}, {
		"data": [{
			"dg": "14",
			"comments": "Economic Downturn",
			"group_name": "Metropolitan Commercial Bank",
			"cp_name": "Metropolitan Commercial Bank",
			"rating": "Not Rated",
			"updated_by": "Peter Ward",
			"action": "Removed",
			"group_limit": "6000000.0",
			"cp_cl": "2000000.0",
			"update_date": "Feb 09 2017"
		}, {
			"dg": "14",
			"comments": "Economic Downturn",
			"group_name": "Metropolitan Commercial Bank",
			"cp_name": "Metropolitan Commercial Bank",
			"rating": "Not Rated",
			"updated_by": "Lisa Warner",
			"action": "Added",
			"group_limit": "6000000.0",
			"cp_cl": "2000000.0",
			"update_date": "Jan 08 2017"
		}],
		"cpty_id": "1025"
	}, {
		"data": [{
			"dg": "14",
			"comments": "Brexit",
			"group_name": "First Century Bank",
			"cp_name": "First Century Bank",
			"rating": "Not Rated",
			"updated_by": "Lisa Warner",
			"action": "Removed",
			"group_limit": "6000000.0",
			"cp_cl": "2000000.0",
			"update_date": "Feb 18 2017"
		}, {
			"dg": "14",
			"comments": "Brexit",
			"group_name": "First Century Bank",
			"cp_name": "First Century Bank",
			"rating": "Not Rated",
			"updated_by": "Lisa Warner",
			"action": "Added",
			"group_limit": "6000000.0",
			"cp_cl": "2000000.0",
			"update_date": "Jan 22 2017"
		}, {
			"dg": "14",
			"comments": "Brexit",
			"group_name": "First Century Bank",
			"cp_name": "First Century Bank",
			"rating": "Not Rated",
			"updated_by": "Linda North",
			"action": "Added",
			"group_limit": "6000000.0",
			"cp_cl": "2000000.0",
			"update_date": "Jan 07 2017"
		}],
		"cpty_id": "1028"
	}, {
		"data": [{
			"dg": "14",
			"comments": "Some other reason",
			"group_name": "Mobilink Microfinance Bank Limited",
			"cp_name": "Mobilink Microfinance Bank Limited",
			"rating": "Not Rated",
			"updated_by": "Lisa Warner",
			"action": "Removed",
			"group_limit": "3000000.0",
			"cp_cl": "1000000.0",
			"update_date": "Oct 04 2017"
		}, {
			"dg": "14",
			"comments": "Some other reason",
			"group_name": "Mobilink Microfinance Bank Limited",
			"cp_name": "Mobilink Microfinance Bank Limited",
			"rating": "Not Rated",
			"updated_by": "Peter Ward",
			"action": "Added",
			"group_limit": "3000000.0",
			"cp_cl": "1000000.0",
			"update_date": "Aug 05 2017"
		}, {
			"dg": "14",
			"comments": "Some other reason",
			"group_name": "Mobilink Microfinance Bank Limited",
			"cp_name": "Mobilink Microfinance Bank Limited",
			"rating": "Not Rated",
			"updated_by": "Peter Ward",
			"action": "Removed",
			"group_limit": "3000000.0",
			"cp_cl": "1000000.0",
			"update_date": "Mar 05 2017"
		}, {
			"dg": "14",
			"comments": "Some other reason",
			"group_name": "Mobilink Microfinance Bank Limited",
			"cp_name": "Mobilink Microfinance Bank Limited",
			"rating": "Not Rated",
			"updated_by": "Ray Lewis",
			"action": "Added",
			"group_limit": "3000000.0",
			"cp_cl": "1000000.0",
			"update_date": "Jan 30 2017"
		}],
		"cpty_id": "1030"
	}, {
		"data": [{
			"dg": "14",
			"comments": "Stock Market collapse",
			"group_name": "Non-Bank deposits and restricted",
			"cp_name": "Non-Bank deposits and restricted",
			"rating": "Not Rated",
			"updated_by": "Mark Twain",
			"action": "Added",
			"group_limit": "3000000.0",
			"cp_cl": "1000000.0",
			"update_date": "Aug 27 2017"
		}, {
			"dg": "14",
			"comments": "Stock Market collapse",
			"group_name": "Non-Bank deposits and restricted",
			"cp_name": "Non-Bank deposits and restricted",
			"rating": "Not Rated",
			"updated_by": "Peter Ward",
			"action": "Removed",
			"group_limit": "3000000.0",
			"cp_cl": "1000000.0",
			"update_date": "Aug 26 2017"
		}],
		"cpty_id": "1033"
	}, {
		"data": [{
			"dg": "14",
			"comments": "Brexit",
			"group_name": "Choice Bank Ltd",
			"cp_name": "Choice Bank Ltd",
			"rating": "Not Rated",
			"updated_by": "John Smith",
			"action": "Removed",
			"group_limit": "650000.0",
			"cp_cl": "3000000.0",
			"update_date": "Apr 17 2017"
		}, {
			"dg": "14",
			"comments": "Brexit",
			"group_name": "Choice Bank Ltd",
			"cp_name": "Choice Bank Ltd",
			"rating": "Not Rated",
			"updated_by": "Peter Ward",
			"action": "Added",
			"group_limit": "650000.0",
			"cp_cl": "3000000.0",
			"update_date": "Feb 11 2017"
		}, {
			"dg": "14",
			"comments": "Brexit",
			"group_name": "Choice Bank Ltd",
			"cp_name": "Choice Bank Ltd",
			"rating": "Not Rated",
			"updated_by": "John Smith",
			"action": "Added",
			"group_limit": "650000.0",
			"cp_cl": "3000000.0",
			"update_date": "Jan 12 2017"
		}],
		"cpty_id": "1035"
	}, {
		"data": [{
			"dg": "14",
			"comments": "Stock Market collapse",
			"group_name": "Ping An Bank",
			"cp_name": "Ping An Bank",
			"rating": "Not Rated",
			"updated_by": "Mark Twain",
			"action": "Removed",
			"group_limit": "600000.0",
			"cp_cl": "200000.0",
			"update_date": "Oct 01 2017"
		}, {
			"dg": "14",
			"comments": "Stock Market collapse",
			"group_name": "Ping An Bank",
			"cp_name": "Ping An Bank",
			"rating": "Not Rated",
			"updated_by": "Ray Lewis",
			"action": "Removed",
			"group_limit": "600000.0",
			"cp_cl": "200000.0",
			"update_date": "Jun 23 2017"
		}, {
			"dg": "14",
			"comments": "Stock Market collapse",
			"group_name": "Ping An Bank",
			"cp_name": "Ping An Bank",
			"rating": "Not Rated",
			"updated_by": "Peter Ward",
			"action": "Added",
			"group_limit": "600000.0",
			"cp_cl": "200000.0",
			"update_date": "Mar 18 2017"
		}, {
			"dg": "14",
			"comments": "Stock Market collapse",
			"group_name": "Ping An Bank",
			"cp_name": "Ping An Bank",
			"rating": "Not Rated",
			"updated_by": "Mark Twain",
			"action": "Added",
			"group_limit": "600000.0",
			"cp_cl": "200000.0",
			"update_date": "Feb 22 2017"
		}],
		"cpty_id": "1037"
	}, {
		"data": [{
			"dg": "14",
			"comments": "Brexit",
			"group_name": "Geoswift Solution Ltd",
			"cp_name": "Geoswift Solution Ltd",
			"rating": "Not Rated",
			"updated_by": "Ray Lewis",
			"action": "Added",
			"group_limit": "600000.0",
			"cp_cl": "200000.0",
			"update_date": "Sep 30 2017"
		}, {
			"dg": "14",
			"comments": "Brexit",
			"group_name": "Geoswift Solution Ltd",
			"cp_name": "Geoswift Solution Ltd",
			"rating": "Not Rated",
			"updated_by": "Linda North",
			"action": "Added",
			"group_limit": "600000.0",
			"cp_cl": "200000.0",
			"update_date": "Aug 15 2017"
		}, {
			"dg": "14",
			"comments": "Brexit",
			"group_name": "Geoswift Solution Ltd",
			"cp_name": "Geoswift Solution Ltd",
			"rating": "Not Rated",
			"updated_by": "Ray Lewis",
			"action": "Removed",
			"group_limit": "600000.0",
			"cp_cl": "200000.0",
			"update_date": "Feb 20 2017"
		}],
		"cpty_id": "1038"
	}, {
		"data": [{
			"dg": "14",
			"comments": "North Korea Tensions",
			"group_name": "Brastel Co. Ltd",
			"cp_name": "Brastel Co. Ltd",
			"rating": "Not Rated",
			"updated_by": "Ray Lewis",
			"action": "Added",
			"group_limit": "600000.0",
			"cp_cl": "200000.0",
			"update_date": "Mar 26 2017"
		}, {
			"dg": "14",
			"comments": "North Korea Tensions",
			"group_name": "Brastel Co. Ltd",
			"cp_name": "Brastel Co. Ltd",
			"rating": "Not Rated",
			"updated_by": "Peter Ward",
			"action": "Added",
			"group_limit": "600000.0",
			"cp_cl": "200000.0",
			"update_date": "Mar 13 2017"
		}, {
			"dg": "14",
			"comments": "North Korea Tensions",
			"group_name": "Brastel Co. Ltd",
			"cp_name": "Brastel Co. Ltd",
			"rating": "Not Rated",
			"updated_by": "Peter Ward",
			"action": "Removed",
			"group_limit": "600000.0",
			"cp_cl": "200000.0",
			"update_date": "Jan 16 2017"
		}],
		"cpty_id": "1040"
	}, {
		"data": [{
			"dg": "14",
			"comments": "North Korea Tensions",
			"group_name": "Rapida Ltd",
			"cp_name": "Rapida Ltd",
			"rating": "Not Rated",
			"updated_by": "John Smith",
			"action": "Added",
			"group_limit": "600000.0",
			"cp_cl": "200000.0",
			"update_date": "Jul 15 2017"
		}, {
			"dg": "14",
			"comments": "North Korea Tensions",
			"group_name": "Rapida Ltd",
			"cp_name": "Rapida Ltd",
			"rating": "Not Rated",
			"updated_by": "Peter Ward",
			"action": "Removed",
			"group_limit": "600000.0",
			"cp_cl": "200000.0",
			"update_date": "Mar 29 2017"
		}],
		"cpty_id": "1042"
	}, {
		"data": [{
			"dg": "14",
			"comments": "Stock Market collapse",
			"group_name": "PayGate Corporation Limited",
			"cp_name": "PayGate Corporation Limited",
			"rating": "Not Rated",
			"updated_by": "Mark Twain",
			"action": "Removed",
			"group_limit": "600000.0",
			"cp_cl": "200000.0",
			"update_date": "Aug 09 2017"
		}, {
			"dg": "14",
			"comments": "Stock Market collapse",
			"group_name": "PayGate Corporation Limited",
			"cp_name": "PayGate Corporation Limited",
			"rating": "Not Rated",
			"updated_by": "Lisa Warner",
			"action": "Added",
			"group_limit": "600000.0",
			"cp_cl": "200000.0",
			"update_date": "Jul 04 2017"
		}, {
			"dg": "14",
			"comments": "Stock Market collapse",
			"group_name": "PayGate Corporation Limited",
			"cp_name": "PayGate Corporation Limited",
			"rating": "Not Rated",
			"updated_by": "Lisa Warner",
			"action": "Added",
			"group_limit": "600000.0",
			"cp_cl": "200000.0",
			"update_date": "Mar 29 2017"
		}, {
			"dg": "14",
			"comments": "Stock Market collapse",
			"group_name": "PayGate Corporation Limited",
			"cp_name": "PayGate Corporation Limited",
			"rating": "Not Rated",
			"updated_by": "Linda North",
			"action": "Removed",
			"group_limit": "600000.0",
			"cp_cl": "200000.0",
			"update_date": "Mar 04 2017"
		}],
		"cpty_id": "1043"
	}, {
		"data": [{
			"dg": "14",
			"comments": "Economic Downturn",
			"group_name": "Vitesse PSP Ltd",
			"cp_name": "Vitesse PSP Ltd",
			"rating": "Not Rated",
			"updated_by": "Ray Lewis",
			"action": "Removed",
			"group_limit": "600000.0",
			"cp_cl": "200000.0",
			"update_date": "Jun 30 2017"
		}, {
			"dg": "14",
			"comments": "Economic Downturn",
			"group_name": "Vitesse PSP Ltd",
			"cp_name": "Vitesse PSP Ltd",
			"rating": "Not Rated",
			"updated_by": "Mark Twain",
			"action": "Added",
			"group_limit": "600000.0",
			"cp_cl": "200000.0",
			"update_date": "Mar 20 2017"
		}, {
			"dg": "14",
			"comments": "Economic Downturn",
			"group_name": "Vitesse PSP Ltd",
			"cp_name": "Vitesse PSP Ltd",
			"rating": "Not Rated",
			"updated_by": "Ray Lewis",
			"action": "Added",
			"group_limit": "600000.0",
			"cp_cl": "200000.0",
			"update_date": "Feb 05 2017"
		}],
		"cpty_id": "1046"
	}, {
		"data": [{
			"dg": "14",
			"comments": "North Korea Tensions",
			"group_name": "Wirecard Card Solutions Ltd",
			"cp_name": "Wirecard Card Solutions Ltd",
			"rating": "Not Rated",
			"updated_by": "John Smith",
			"action": "Added",
			"group_limit": "600000.0",
			"cp_cl": "200000.0",
			"update_date": "Apr 07 2017"
		}, {
			"dg": "14",
			"comments": "North Korea Tensions",
			"group_name": "Wirecard Card Solutions Ltd",
			"cp_name": "Wirecard Card Solutions Ltd",
			"rating": "Not Rated",
			"updated_by": "Ray Lewis",
			"action": "Removed",
			"group_limit": "600000.0",
			"cp_cl": "200000.0",
			"update_date": "Jan 30 2017"
		}],
		"cpty_id": "1048"
	}, {
		"data": [{
			"dg": "14",
			"comments": "North Korea Tensions",
			"group_name": "Webmoney - PPS",
			"cp_name": "Webmoney - PPS",
			"rating": "Not Rated",
			"updated_by": "Ray Lewis",
			"action": "Added",
			"group_limit": "600000.0",
			"cp_cl": "200000.0",
			"update_date": "Aug 17 2017"
		}, {
			"dg": "14",
			"comments": "North Korea Tensions",
			"group_name": "Webmoney - PPS",
			"cp_name": "Webmoney - PPS",
			"rating": "Not Rated",
			"updated_by": "Linda North",
			"action": "Removed",
			"group_limit": "600000.0",
			"cp_cl": "200000.0",
			"update_date": "Apr 17 2017"
		}],
		"cpty_id": "1049"
	}, {
		"data": [{
			"dg": "14",
			"comments": "Economic Downturn",
			"group_name": "Pontual Money Transfer",
			"cp_name": "Pontual Money Transfer",
			"rating": "Not Rated",
			"updated_by": "Ray Lewis",
			"action": "Removed",
			"group_limit": "600000.0",
			"cp_cl": "200000.0",
			"update_date": "Jun 21 2017"
		}, {
			"dg": "14",
			"comments": "Economic Downturn",
			"group_name": "Pontual Money Transfer",
			"cp_name": "Pontual Money Transfer",
			"rating": "Not Rated",
			"updated_by": "Ray Lewis",
			"action": "Added",
			"group_limit": "600000.0",
			"cp_cl": "200000.0",
			"update_date": "May 18 2017"
		}, {
			"dg": "14",
			"comments": "Economic Downturn",
			"group_name": "Pontual Money Transfer",
			"cp_name": "Pontual Money Transfer",
			"rating": "Not Rated",
			"updated_by": "John Smith",
			"action": "Added",
			"group_limit": "600000.0",
			"cp_cl": "200000.0",
			"update_date": "Apr 09 2017"
		}, {
			"dg": "14",
			"comments": "Economic Downturn",
			"group_name": "Pontual Money Transfer",
			"cp_name": "Pontual Money Transfer",
			"rating": "Not Rated",
			"updated_by": "Linda North",
			"action": "Removed",
			"group_limit": "600000.0",
			"cp_cl": "200000.0",
			"update_date": "Feb 28 2017"
		}],
		"cpty_id": "1050"
	}, {
		"data": [{
			"dg": "14",
			"comments": "Brexit",
			"group_name": "Vimo Vietnam",
			"cp_name": "Vimo Vietnam",
			"rating": "Not Rated",
			"updated_by": "Linda North",
			"action": "Added",
			"group_limit": "600000.0",
			"cp_cl": "200000.0",
			"update_date": "Aug 15 2017"
		}, {
			"dg": "14",
			"comments": "Brexit",
			"group_name": "Vimo Vietnam",
			"cp_name": "Vimo Vietnam",
			"rating": "Not Rated",
			"updated_by": "Mark Twain",
			"action": "Removed",
			"group_limit": "600000.0",
			"cp_cl": "200000.0",
			"update_date": "Jun 29 2017"
		}],
		"cpty_id": "1051"
	}, {
		"data": [{
			"dg": "11",
			"comments": "North Korea Tensions",
			"group_name": "AstroPay LLP",
			"cp_name": "AstroPay LLP Brazil",
			"rating": "BB",
			"updated_by": "Ray Lewis",
			"action": "Removed",
			"group_limit": "200000.0",
			"cp_cl": "100000.0",
			"update_date": "Sep 23 2017"
		}, {
			"dg": "11",
			"comments": "North Korea Tensions",
			"group_name": "AstroPay LLP",
			"cp_name": "AstroPay LLP Brazil",
			"rating": "BB",
			"updated_by": "Linda North",
			"action": "Added",
			"group_limit": "200000.0",
			"cp_cl": "100000.0",
			"update_date": "Sep 10 2017"
		}],
		"cpty_id": "1052"
	}, {
		"data": [{
			"dg": "11",
			"comments": "Brexit",
			"group_name": "AstroPay LLP",
			"cp_name": "Astropay Mexico",
			"rating": "BB",
			"updated_by": "John Smith",
			"action": "Added",
			"group_limit": "200000.0",
			"cp_cl": "400000.0",
			"update_date": "Sep 02 2017"
		}, {
			"dg": "11",
			"comments": "Brexit",
			"group_name": "AstroPay LLP",
			"cp_name": "Astropay Mexico",
			"rating": "BB",
			"updated_by": "Lisa Warner",
			"action": "Removed",
			"group_limit": "200000.0",
			"cp_cl": "400000.0",
			"update_date": "Jun 28 2017"
		}, {
			"dg": "11",
			"comments": "Brexit",
			"group_name": "AstroPay LLP",
			"cp_name": "Astropay Mexico",
			"rating": "BB",
			"updated_by": "John Smith",
			"action": "Added",
			"group_limit": "200000.0",
			"cp_cl": "400000.0",
			"update_date": "May 17 2017"
		}, {
			"dg": "11",
			"comments": "Brexit",
			"group_name": "AstroPay LLP",
			"cp_name": "Astropay Mexico",
			"rating": "BB",
			"updated_by": "Lisa Warner",
			"action": "Removed",
			"group_limit": "200000.0",
			"cp_cl": "400000.0",
			"update_date": "Jan 25 2017"
		}],
		"cpty_id": "1054"
	}, {
		"data": [{
			"dg": "11",
			"comments": "Some other reason",
			"group_name": "AstroPay LLP",
			"cp_name": "Astropay Panama",
			"rating": "BB",
			"updated_by": "Mark Twain",
			"action": "Added",
			"group_limit": "200000.0",
			"cp_cl": "200000.0",
			"update_date": "Jul 12 2017"
		}, {
			"dg": "11",
			"comments": "Some other reason",
			"group_name": "AstroPay LLP",
			"cp_name": "Astropay Panama",
			"rating": "BB",
			"updated_by": "Lisa Warner",
			"action": "Added",
			"group_limit": "200000.0",
			"cp_cl": "200000.0",
			"update_date": "Apr 12 2017"
		}, {
			"dg": "11",
			"comments": "Some other reason",
			"group_name": "AstroPay LLP",
			"cp_name": "Astropay Panama",
			"rating": "BB",
			"updated_by": "Linda North",
			"action": "Removed",
			"group_limit": "200000.0",
			"cp_cl": "200000.0",
			"update_date": "Feb 14 2017"
		}, {
			"dg": "11",
			"comments": "Some other reason",
			"group_name": "AstroPay LLP",
			"cp_name": "Astropay Panama",
			"rating": "BB",
			"updated_by": "John Smith",
			"action": "Removed",
			"group_limit": "200000.0",
			"cp_cl": "200000.0",
			"update_date": "Feb 14 2017"
		}],
		"cpty_id": "1055"
	}, {
		"data": [{
			"dg": "11",
			"comments": "Stock Market collapse",
			"group_name": "AstroPay LLP",
			"cp_name": "Astropay China",
			"rating": "BB",
			"updated_by": "Peter Ward",
			"action": "Added",
			"group_limit": "200000.0",
			"cp_cl": "200000.0",
			"update_date": "Jun 23 2017"
		}, {
			"dg": "11",
			"comments": "Stock Market collapse",
			"group_name": "AstroPay LLP",
			"cp_name": "Astropay China",
			"rating": "BB",
			"updated_by": "Linda North",
			"action": "Removed",
			"group_limit": "200000.0",
			"cp_cl": "200000.0",
			"update_date": "Mar 10 2017"
		}],
		"cpty_id": "1056"
	}, {
		"data": [{
			"dg": "11",
			"comments": "Economic Downturn",
			"group_name": "AstroPay LLP",
			"cp_name": "Astropay - India",
			"rating": "BB",
			"updated_by": "Lisa Warner",
			"action": "Added",
			"group_limit": "200000.0",
			"cp_cl": "200000.0",
			"update_date": "Aug 04 2017"
		}, {
			"dg": "11",
			"comments": "Economic Downturn",
			"group_name": "AstroPay LLP",
			"cp_name": "Astropay - India",
			"rating": "BB",
			"updated_by": "Linda North",
			"action": "Removed",
			"group_limit": "200000.0",
			"cp_cl": "200000.0",
			"update_date": "Apr 26 2017"
		}, {
			"dg": "11",
			"comments": "Economic Downturn",
			"group_name": "AstroPay LLP",
			"cp_name": "Astropay - India",
			"rating": "BB",
			"updated_by": "John Smith",
			"action": "Added",
			"group_limit": "200000.0",
			"cp_cl": "200000.0",
			"update_date": "Apr 26 2017"
		}],
		"cpty_id": "1058"
	}, {
		"data": [{
			"dg": "6",
			"comments": "Economic Downturn",
			"group_name": "Sumitomo Mitsui Banking Corporation",
			"cp_name": "Sumitomo Mitsui Banking Corporation - UK",
			"rating": "A",
			"updated_by": "Ray Lewis",
			"action": "Removed",
			"group_limit": "2.0E8",
			"cp_cl": "2.0E7",
			"update_date": "Sep 30 2017"
		}, {
			"dg": "6",
			"comments": "Economic Downturn",
			"group_name": "Sumitomo Mitsui Banking Corporation",
			"cp_name": "Sumitomo Mitsui Banking Corporation - UK",
			"rating": "A",
			"updated_by": "Peter Ward",
			"action": "Added",
			"group_limit": "2.0E8",
			"cp_cl": "2.0E7",
			"update_date": "May 29 2017"
		}, {
			"dg": "6",
			"comments": "Economic Downturn",
			"group_name": "Sumitomo Mitsui Banking Corporation",
			"cp_name": "Sumitomo Mitsui Banking Corporation - UK",
			"rating": "A",
			"updated_by": "Mark Twain",
			"action": "Removed",
			"group_limit": "2.0E8",
			"cp_cl": "2.0E7",
			"update_date": "May 05 2017"
		}, {
			"dg": "6",
			"comments": "Economic Downturn",
			"group_name": "Sumitomo Mitsui Banking Corporation",
			"cp_name": "Sumitomo Mitsui Banking Corporation - UK",
			"rating": "A",
			"updated_by": "Lisa Warner",
			"action": "Added",
			"group_limit": "2.0E8",
			"cp_cl": "2.0E7",
			"update_date": "Apr 06 2017"
		}],
		"cpty_id": "1060"
	}, {
		"data": [{
			"dg": "6",
			"comments": "Economic Downturn",
			"group_name": "Sumitomo Mitsui Banking Corporation",
			"cp_name": "Sumitomo Mitsui Banking Corporation - Australia",
			"rating": "A",
			"updated_by": "Peter Ward",
			"action": "Added",
			"group_limit": "2.0E8",
			"cp_cl": "1.0E7",
			"update_date": "Jun 18 2017"
		}, {
			"dg": "6",
			"comments": "Economic Downturn",
			"group_name": "Sumitomo Mitsui Banking Corporation",
			"cp_name": "Sumitomo Mitsui Banking Corporation - Australia",
			"rating": "A",
			"updated_by": "Ray Lewis",
			"action": "Added",
			"group_limit": "2.0E8",
			"cp_cl": "1.0E7",
			"update_date": "Apr 13 2017"
		}, {
			"dg": "6",
			"comments": "Economic Downturn",
			"group_name": "Sumitomo Mitsui Banking Corporation",
			"cp_name": "Sumitomo Mitsui Banking Corporation - Australia",
			"rating": "A",
			"updated_by": "Peter Ward",
			"action": "Removed",
			"group_limit": "2.0E8",
			"cp_cl": "1.0E7",
			"update_date": "Mar 08 2017"
		}, {
			"dg": "6",
			"comments": "Economic Downturn",
			"group_name": "Sumitomo Mitsui Banking Corporation",
			"cp_name": "Sumitomo Mitsui Banking Corporation - Australia",
			"rating": "A",
			"updated_by": "Linda North",
			"action": "Removed",
			"group_limit": "2.0E8",
			"cp_cl": "1.0E7",
			"update_date": "Feb 08 2017"
		}],
		"cpty_id": "1061"
	}, {
		"data": [{
			"dg": "6",
			"comments": "Some other reason",
			"group_name": "Sumitomo Mitsui Banking Corporation",
			"cp_name": "Sumitomo Mitsui Banking Corporation - Japan",
			"rating": "A",
			"updated_by": "Mark Twain",
			"action": "Added",
			"group_limit": "2.0E8",
			"cp_cl": "1.0E8",
			"update_date": "Sep 01 2017"
		}, {
			"dg": "6",
			"comments": "Some other reason",
			"group_name": "Sumitomo Mitsui Banking Corporation",
			"cp_name": "Sumitomo Mitsui Banking Corporation - Japan",
			"rating": "A",
			"updated_by": "Mark Twain",
			"action": "Removed",
			"group_limit": "2.0E8",
			"cp_cl": "1.0E8",
			"update_date": "Aug 16 2017"
		}],
		"cpty_id": "1001"
	}, {
		"data": [{
			"dg": "6",
			"comments": "Stock Market collapse",
			"group_name": "Bank Hapoalim",
			"cp_name": "Bank Hapoalim - Israel",
			"rating": "A",
			"updated_by": "John Smith",
			"action": "Added",
			"group_limit": "1.0E7",
			"cp_cl": "1.0E8",
			"update_date": "Aug 28 2017"
		}, {
			"dg": "6",
			"comments": "Stock Market collapse",
			"group_name": "Bank Hapoalim",
			"cp_name": "Bank Hapoalim - Israel",
			"rating": "A",
			"updated_by": "John Smith",
			"action": "Added",
			"group_limit": "1.0E7",
			"cp_cl": "1.0E8",
			"update_date": "Jun 19 2017"
		}, {
			"dg": "6",
			"comments": "Stock Market collapse",
			"group_name": "Bank Hapoalim",
			"cp_name": "Bank Hapoalim - Israel",
			"rating": "A",
			"updated_by": "Peter Ward",
			"action": "Removed",
			"group_limit": "1.0E7",
			"cp_cl": "1.0E8",
			"update_date": "Feb 19 2017"
		}, {
			"dg": "6",
			"comments": "Stock Market collapse",
			"group_name": "Bank Hapoalim",
			"cp_name": "Bank Hapoalim - Israel",
			"rating": "A",
			"updated_by": "John Smith",
			"action": "Removed",
			"group_limit": "1.0E7",
			"cp_cl": "1.0E8",
			"update_date": "Jan 28 2017"
		}],
		"cpty_id": "1066"
	}, {
		"data": [{
			"dg": "7",
			"comments": "Brexit",
			"group_name": "Barclays UK",
			"cp_name": "Barclays UK",
			"rating": "A-",
			"updated_by": "Peter Ward",
			"action": "Added",
			"group_limit": "2.0E8",
			"cp_cl": "2.0E8",
			"update_date": "Aug 03 2017"
		}, {
			"dg": "7",
			"comments": "Brexit",
			"group_name": "Barclays UK",
			"cp_name": "Barclays UK",
			"rating": "A-",
			"updated_by": "Linda North",
			"action": "Removed",
			"group_limit": "2.0E8",
			"cp_cl": "2.0E8",
			"update_date": "Apr 30 2017"
		}],
		"cpty_id": "1003"
	}, {
		"data": [{
			"dg": "6",
			"comments": "Brexit",
			"group_name": "Bank Hapoalim",
			"cp_name": "Bank Hapoalim - Switzerland",
			"rating": "A",
			"updated_by": "Ray Lewis",
			"action": "Removed",
			"group_limit": "1.0E7",
			"cp_cl": "2.0E7",
			"update_date": "Sep 19 2017"
		}, {
			"dg": "6",
			"comments": "Brexit",
			"group_name": "Bank Hapoalim",
			"cp_name": "Bank Hapoalim - Switzerland",
			"rating": "A",
			"updated_by": "John Smith",
			"action": "Added",
			"group_limit": "1.0E7",
			"cp_cl": "2.0E7",
			"update_date": "Sep 03 2017"
		}],
		"cpty_id": "1067"
	}, {
		"data": [{
			"dg": "5",
			"comments": "North Korea Tensions",
			"group_name": "Bank of China",
			"cp_name": "Bank of China",
			"rating": "A+",
			"updated_by": "John Smith",
			"action": "Removed",
			"group_limit": "2.0E8",
			"cp_cl": "2.0E8",
			"update_date": "May 30 2017"
		}, {
			"dg": "5",
			"comments": "North Korea Tensions",
			"group_name": "Bank of China",
			"cp_name": "Bank of China",
			"rating": "A+",
			"updated_by": "John Smith",
			"action": "Added",
			"group_limit": "2.0E8",
			"cp_cl": "2.0E8",
			"update_date": "Apr 18 2017"
		}],
		"cpty_id": "1005"
	}, {
		"data": [{
			"dg": "4",
			"comments": "Economic Downturn",
			"group_name": "DBS Singapore",
			"cp_name": "DBS Singapore",
			"rating": "AA-",
			"updated_by": "Linda North",
			"action": "Removed",
			"group_limit": "1.0E7",
			"cp_cl": "1.0E7",
			"update_date": "May 06 2017"
		}, {
			"dg": "4",
			"comments": "Economic Downturn",
			"group_name": "DBS Singapore",
			"cp_name": "DBS Singapore",
			"rating": "AA-",
			"updated_by": "Lisa Warner",
			"action": "Added",
			"group_limit": "1.0E7",
			"cp_cl": "1.0E7",
			"update_date": "Apr 05 2017"
		}, {
			"dg": "4",
			"comments": "Economic Downturn",
			"group_name": "DBS Singapore",
			"cp_name": "DBS Singapore",
			"rating": "AA-",
			"updated_by": "Lisa Warner",
			"action": "Added",
			"group_limit": "1.0E7",
			"cp_cl": "1.0E7",
			"update_date": "Feb 21 2017"
		}],
		"cpty_id": "1009"
	}, {
		"data": [{
			"dg": "4",
			"comments": "North Korea Tensions",
			"group_name": "Bank of New Zealand",
			"cp_name": "Bank of New Zealand",
			"rating": "AA-",
			"updated_by": "Ray Lewis",
			"action": "Removed",
			"group_limit": "6000000.0",
			"cp_cl": "6000000.0",
			"update_date": "Jun 09 2017"
		}, {
			"dg": "4",
			"comments": "North Korea Tensions",
			"group_name": "Bank of New Zealand",
			"cp_name": "Bank of New Zealand",
			"rating": "AA-",
			"updated_by": "Linda North",
			"action": "Added",
			"group_limit": "6000000.0",
			"cp_cl": "6000000.0",
			"update_date": "Mar 19 2017"
		}],
		"cpty_id": "1011"
	}, {
		"data": [{
			"dg": "2",
			"comments": "North Korea Tensions",
			"group_name": "First International Bank of Israel",
			"cp_name": "First International Bank of Israel",
			"rating": "AA+",
			"updated_by": "Lisa Warner",
			"action": "Removed",
			"group_limit": "1.25E7",
			"cp_cl": "2500000.0",
			"update_date": "May 01 2017"
		}, {
			"dg": "2",
			"comments": "North Korea Tensions",
			"group_name": "First International Bank of Israel",
			"cp_name": "First International Bank of Israel",
			"rating": "AA+",
			"updated_by": "Lisa Warner",
			"action": "Added",
			"group_limit": "1.25E7",
			"cp_cl": "2500000.0",
			"update_date": "Mar 24 2017"
		}],
		"cpty_id": "1012"
	}, {
		"data": [{
			"dg": "9",
			"comments": "Stock Market collapse",
			"group_name": "Deutsche Bank",
			"cp_name": "Deutsche Bank",
			"rating": "BBB",
			"updated_by": "Ray Lewis",
			"action": "Added",
			"group_limit": "1.0E8",
			"cp_cl": "1.0E8",
			"update_date": "Feb 27 2017"
		}, {
			"dg": "9",
			"comments": "Stock Market collapse",
			"group_name": "Deutsche Bank",
			"cp_name": "Deutsche Bank",
			"rating": "BBB",
			"updated_by": "Linda North",
			"action": "Added",
			"group_limit": "1.0E8",
			"cp_cl": "1.0E8",
			"update_date": "Feb 23 2017"
		}, {
			"dg": "9",
			"comments": "Stock Market collapse",
			"group_name": "Deutsche Bank",
			"cp_name": "Deutsche Bank",
			"rating": "BBB",
			"updated_by": "Ray Lewis",
			"action": "Removed",
			"group_limit": "1.0E8",
			"cp_cl": "1.0E8",
			"update_date": "Jan 15 2017"
		}],
		"cpty_id": "1013"
	}, {
		"data": [{
			"dg": "10",
			"comments": "North Korea Tensions",
			"group_name": "ICICI Bank",
			"cp_name": "ICICI Bank",
			"rating": "BBB-",
			"updated_by": "Linda North",
			"action": "Removed",
			"group_limit": "1.0E8",
			"cp_cl": "1.0E8",
			"update_date": "Jul 16 2017"
		}, {
			"dg": "10",
			"comments": "North Korea Tensions",
			"group_name": "ICICI Bank",
			"cp_name": "ICICI Bank",
			"rating": "BBB-",
			"updated_by": "Linda North",
			"action": "Added",
			"group_limit": "1.0E8",
			"cp_cl": "1.0E8",
			"update_date": "May 31 2017"
		}],
		"cpty_id": "1014"
	}, {
		"data": [{
			"dg": "10",
			"comments": "Economic Downturn",
			"group_name": "Royal Bank of Scotland PLC",
			"cp_name": "Royal Bank of Scotland PLC",
			"rating": "BBB-",
			"updated_by": "Mark Twain",
			"action": "Added",
			"group_limit": "5.0E7",
			"cp_cl": "5.0E7",
			"update_date": "Jun 17 2017"
		}, {
			"dg": "10",
			"comments": "Economic Downturn",
			"group_name": "Royal Bank of Scotland PLC",
			"cp_name": "Royal Bank of Scotland PLC",
			"rating": "BBB-",
			"updated_by": "Linda North",
			"action": "Removed",
			"group_limit": "5.0E7",
			"cp_cl": "5.0E7",
			"update_date": "Apr 25 2017"
		}],
		"cpty_id": "1015"
	}, {
		"data": [{
			"dg": "8",
			"comments": "Stock Market collapse",
			"group_name": "Silicon Valley Bank",
			"cp_name": "Silicon Valley Bank",
			"rating": "BBB+",
			"updated_by": "John Smith",
			"action": "Added",
			"group_limit": "7000000.0",
			"cp_cl": "1000000.0",
			"update_date": "May 14 2017"
		}, {
			"dg": "8",
			"comments": "Stock Market collapse",
			"group_name": "Silicon Valley Bank",
			"cp_name": "Silicon Valley Bank",
			"rating": "BBB+",
			"updated_by": "Peter Ward",
			"action": "Removed",
			"group_limit": "7000000.0",
			"cp_cl": "1000000.0",
			"update_date": "May 13 2017"
		}, {
			"dg": "8",
			"comments": "Stock Market collapse",
			"group_name": "Silicon Valley Bank",
			"cp_name": "Silicon Valley Bank",
			"rating": "BBB+",
			"updated_by": "Peter Ward",
			"action": "Added",
			"group_limit": "7000000.0",
			"cp_cl": "1000000.0",
			"update_date": "Apr 19 2017"
		}],
		"cpty_id": "1018"
	}, {
		"data": [{
			"dg": "13",
			"comments": "Some other reason",
			"group_name": "Privat Bank",
			"cp_name": "Privat Bank",
			"rating": "CCC+",
			"updated_by": "Mark Twain",
			"action": "Added",
			"group_limit": "5000000.0",
			"cp_cl": "1000000.0",
			"update_date": "Oct 02 2017"
		}, {
			"dg": "13",
			"comments": "Some other reason",
			"group_name": "Privat Bank",
			"cp_name": "Privat Bank",
			"rating": "CCC+",
			"updated_by": "Peter Ward",
			"action": "Added",
			"group_limit": "5000000.0",
			"cp_cl": "1000000.0",
			"update_date": "May 21 2017"
		}, {
			"dg": "13",
			"comments": "Some other reason",
			"group_name": "Privat Bank",
			"cp_name": "Privat Bank",
			"rating": "CCC+",
			"updated_by": "Linda North",
			"action": "Removed",
			"group_limit": "5000000.0",
			"cp_cl": "1000000.0",
			"update_date": "Feb 14 2017"
		}],
		"cpty_id": "1019"
	}, {
		"data": [{
			"dg": "14",
			"comments": "Economic Downturn",
			"group_name": "Shanghai Fuiou Payment Service Co.",
			"cp_name": "Shanghai Fuiou Payment Service Co.",
			"rating": "Not Rated",
			"updated_by": "Mark Twain",
			"action": "Added",
			"group_limit": "6000000.0",
			"cp_cl": "2000000.0",
			"update_date": "Aug 23 2017"
		}, {
			"dg": "14",
			"comments": "Economic Downturn",
			"group_name": "Shanghai Fuiou Payment Service Co.",
			"cp_name": "Shanghai Fuiou Payment Service Co.",
			"rating": "Not Rated",
			"updated_by": "Lisa Warner",
			"action": "Removed",
			"group_limit": "6000000.0",
			"cp_cl": "2000000.0",
			"update_date": "Jun 17 2017"
		}],
		"cpty_id": "1023"
	}]
}